country,1100,1102,1103,1104,1105,1106,1107,1108,1109,1110,1111,1202,1203,1204,1205,1207,1208,1210,1211,1213,1302,1303,1304,1305,1306,1307,1308,1309,1310,1311,1312,1313,1314,1402,1404,1405,1406,1407,1408,1409,1502,1503,1504,1506,1507,1508,1602,1603,1604,1605,1606,1607,1702,1703,1704,1705,1706,1707,1708,1709,1710,1711,1712,1800,1802,1803,1804,1902,1904,1906,1907,1908,1910,1911,2000,2002,2003,2100,2102,2103,2105,2202,2203,2204,2205,2206,2207,2208,2209,2210,2211,2212,2213,2214,2215,2216,2302,2303,2304,2305,2306,2307,2308,2309,2310,2311,2312,2402,2403,2404,2405,2406,2500,2502,2503,2504,2505,2506,2507,2508,2602,2604,2607,2608,2610,2611,2612,2613,2614,2702,2703,2704,2705,2706,2707,2708,2711,2712,2713,2714,2715,2716,2717,2720,2721,2723,2724,2725,2726,2727,2728,2729,2730,2731,2732,2733,2734,2735,2736,2737,2738,2739,2740,2741,2742,2743,2745,2746,2747,2748,2802,2803,2804,2805,2806,2807,2808,2809,2916,3003,3004,3005,3102,3103,3104,3105,3106,3107,3108,3109,3200,3202,3203,3204,3205,3207,3300,3302,3303,3304,3305,3306,3308,3310,3311,3312,3313,3314,3315,3316,3317,3318,3320,3321,3322,3402,3404,3500,3504,3505,3506,3600,3603,3604,3605,3607,3608,3609,3611,3612,3614,3616
AE,,,,,,,,,,2.0,,,,,,,,,,,,,,,,,,,,,,,,,,,,,,,,,,,,,,,,1.0,,,,,,,,,,,,,,,,,,,,,,,,,,,,,,,,,,,,,,,,,,,,,,,,,,,,,,,,,,,1.0,,,,,,,,,,,,,,,,,,,,,,,,,,,,1.0,,1.0,,,,,,,,,1.0,,,,,,,,,,,,,,,,,,,,,,,,,,,,,,,,,,,,,,,,,,,,,,,,,,,,,,,,,,,,,,,,,,,,,,,,,,,,,,,,,,,,
AF,,,,,,,,,,,,,,,,,,,,,,,,,,,,,,,,,,,,,,,,,,,,,,,,,,,,,,,,,,,,,,,,,,,,,,,,,,,,,,,,,,,,,,,,,,,,1.0,,,,,,,,,,,,,,,,,,,,,,,,,,,,,,,,,,,,,,,,,,,,,,,,,,,,,,,,,,,,,,,,,,1.0,,,,,,,,,,,,,,,,,,,,,,,,,,,,,,,,,,,,,,,,,,,,,,,,,,,,,,,1.0,,,,,,,,,,,,,,,,,,,
AL,,,,,,2.0,,,,1.0,,,,,,,,,,,,,,,,,,,,,,,,,,,,,,,,,,,,,,,,,,,,,,,,,,,,,,,,,,,,,,,,,,,,,,,,,,,,,,,,2.0,,,,,,,,,,,,1.0,,,1.0,1.0,,,,,,,,,,,,,,,,,,,,,,,,,,,,,,,,,,,,,,,,,,,,,,,,,,,,,,,,,,,,,,,,,,,,,,,,,1.0,,1.0,,,,,,,,,,,,,,,,,,,,,,,,1.0,,,,,,,,,,,,,,,,,,,,,,,,,,,
AM,,,,,,,,,,,,,,,,,,,,,,,,,,,,,,,,,,,,,,,,,,,,,,,,,,,,,,,,1.0,,,,,,,,,,,,1.0,,,,1.0,,,,,,,,,1.0,1.0,,,,,,,,,,,,,,,,,,,,,,,,,,,,1.0,,,,,1.0,,2.0,,,,,,,,,,,,,,,,,,,,,,2.0,,,,,,,,,,,,,1.0,,,,,,,,1.0,,,1.0,1.0,,,,,,,,,1.0,1.0,,,,,,,,,,,1.0,,,2.0,,,,,,,,,,,,,,,,,,,,,,,,,,,,,,,,,,,,,,,,,,,,
AR,,,,,2.0,,,,1.0,,1.0,,,,,,,,,,,,,,,2.0,,,,,8.0,,,,,,,,,,,,,,,,,,,1.0,,3.0,,,,,,,,,,,,,,,,2.0,,,,1.0,1.0,,,,,,1.0,,,1.0,,6.0,1.0,,1.0,1.0,,1.0,,,,,,,,1.0,,1.0,1.0,,,,,,,,,,,,,1.0,,,4.0,,,,,,,,,,,1.0,,,,,,,,,,1.0,,,,,,,,,,,,,,,,,,,,,,1.0,,1.0,,,,,1.0,,,,1.0,,1.0,,,,1.0,,1.0,,,,,2.0,4.0,,2.0,4.0,,1.0,,,,,,,,,,,,,,,,,,,,,,,,,,,,,,,1.0,,,,,,,,,,,
AT,,,1.0,,2.0,1.0,,,,7.0,,,1.0,1.0,,,,,,,,5.0,1.0,,1.0,5.0,3.0,,,1.0,21.0,,,,,1.0,,,,,,,,1.0,1.0,,3.0,,3.0,11.0,2.0,12.0,2.0,9.0,,1.0,,,,,,,,,,1.0,,1.0,,,,4.0,,3.0,,2.0,,,,,2.0,2.0,,4.0,3.0,6.0,1.0,5.0,2.0,4.0,5.0,1.0,,,,,,3.0,1.0,2.0,2.0,,1.0,,,2.0,,,6.0,1.0,1.0,,,4.0,,5.0,22.0,1.0,,1.0,,,,1.0,,,1.0,2.0,1.0,1.0,,,1.0,1.0,1.0,4.0,1.0,3.0,2.0,,,,,2.0,,,,,,1.0,,,2.0,1.0,,,,,4.0,3.0,,1.0,3.0,,,1.0,4.0,5.0,,,,,4.0,,1.0,,1.0,,,2.0,,1.0,,2.0,8.0,1.0,16.0,19.0,4.0,3.0,,,,,,,,,,,,,,,,1.0,1.0,3.0,,,,,2.0,,,1.0,,,,,,,,,,,,,,,,
AU,,9.0,4.0,1.0,9.0,4.0,,,6.0,25.0,1.0,,2.0,3.0,,2.0,,,2.0,,,2.0,1.0,2.0,7.0,9.0,2.0,,2.0,13.0,51.0,,,3.0,3.0,1.0,2.0,,1.0,,,1.0,,,3.0,,1.0,3.0,8.0,11.0,5.0,12.0,7.0,6.0,,1.0,,4.0,2.0,,,3.0,,1.0,,8.0,1.0,3.0,6.0,1.0,2.0,25.0,4.0,6.0,5.0,9.0,2.0,,,,3.0,10.0,,20.0,8.0,15.0,8.0,17.0,,16.0,15.0,2.0,2.0,1.0,1.0,,,20.0,4.0,3.0,4.0,10.0,3.0,6.0,1.0,1.0,2.0,,12.0,6.0,2.0,,,1.0,2.0,2.0,12.0,1.0,5.0,1.0,1.0,4.0,2.0,2.0,5.0,,1.0,12.0,,,3.0,,13.0,,1.0,2.0,2.0,10.0,16.0,,1.0,9.0,,2.0,2.0,1.0,,3.0,,,5.0,8.0,12.0,1.0,,,5.0,12.0,7.0,23.0,,6.0,15.0,12.0,,4.0,4.0,15.0,,1.0,,1.0,11.0,7.0,1.0,3.0,4.0,5.0,8.0,3.0,6.0,,,32.0,5.0,4.0,9.0,20.0,3.0,6.0,,1.0,10.0,3.0,4.0,2.0,,,,7.0,2.0,1.0,1.0,2.0,,6.0,2.0,3.0,,,1.0,1.0,3.0,,1.0,2.0,3.0,,1.0,1.0,1.0,4.0,,1.0,,,,,,,1.0,1.0
AZ,,,,,1.0,,,,,,,,,,,,1.0,,,,,,,,,,,,,,,,,,,,,,,,,1.0,,,,,,,1.0,,,,,,,,,,,,,,,,,,,,,,1.0,,,,,,,,,,,,,,,,,2.0,,,,,,,,,,,,,,,,,,,,,,,,,,,,1.0,4.0,,,,,,,,,,,,,,,,,,,,,,,,,,,,,,,,,,,,,,,,,,,,,,,,,,,1.0,,,,,,,,,,,,,,,,1.0,,,,1.0,,,,,,,,,,,,,,,,,,1.0,,,,,,,,,,,,,,,,,,,,,,,,,,
BA,,,,,,,,,,,,,,,,,,,,,,,,,,,,,,,,,,,,,,,,,,,,,,,,,,,,,,,,,,,,,,,,,,,,,,,,,,,,,,,,,,,,,,,,1.0,,,,,,,,,,,,,,,,,,,,,,,,,,,,,,,,,,1.0,,,,,,,,,,,,,,,,,,,,,,,,,,,,,,,,,,,,,,,,,,,,,,,,,,,,,,,,,,,,,,,,,,1.0,,,,,,,,,,,,,,,,,,,,,,,,,,,,,,,,,,,,,,,,,,,,
BB,,,,,,,,,,,,,,,,,,,,,,,,,,,,,,,,,,,,,,,,,,,,,,,,,,,,,,,,,,,,,,,,,,,,,,,,,,,,,,,,,,,,,,,,,,,,,,,,,,,,,,,,,,,,,,,,,,,,,,,,,,,,,,,,,,,,,,,,,,,,,,,,,,,,,,,,,,,,,1.0,,,,,,,,,,,,,,,,,,,,,,,,,,,,1.0,,,,,,,,,,,,,,,,,,,,,1.0,,,,,,,,,,,,,,,,,,,,,,,,,,
BD,,,1.0,,,,,,,,1.0,,,,,,,,,,,,,,,,1.0,,4.0,1.0,2.0,,,,,,,,,,,,,,,,,,,,1.0,,,,,,,,,,,,,,,,,,,,,,,,1.0,,,,,,,,,,,,,1.0,,2.0,,,,,,,,,,,,,,,,,,,,,,,,,,,,,,,,,,,,,,,,,,,2.0,,,,,,,,,,,,,,,1.0,,,,,,,,,1.0,,,,,1.0,,,,,,1.0,,1.0,,,1.0,,,,,,3.0,,,,,,,,,,,,,,,,,,,,,,,,,,,,,,,,,,,,,,1.0,,,,,,,,,,,,,,,
BE,,3.0,6.0,,6.0,4.0,,,,9.0,2.0,,,,,,,,,,,2.0,1.0,1.0,3.0,,4.0,,1.0,8.0,39.0,,1.0,,1.0,,,2.0,1.0,,1.0,1.0,,,,,1.0,2.0,3.0,14.0,6.0,13.0,3.0,11.0,,7.0,,2.0,,,,2.0,2.0,,,3.0,1.0,4.0,,1.0,1.0,,3.0,,1.0,4.0,,1.0,1.0,,11.0,2.0,,11.0,2.0,4.0,3.0,14.0,1.0,9.0,5.0,,,,5.0,1.0,,3.0,1.0,1.0,,3.0,1.0,,,,,,3.0,,1.0,1.0,,2.0,,,10.0,,1.0,3.0,,1.0,1.0,2.0,2.0,,4.0,5.0,,,2.0,,15.0,,1.0,1.0,,7.0,7.0,,,3.0,,4.0,,1.0,,2.0,,2.0,1.0,2.0,,2.0,,,3.0,4.0,7.0,7.0,,3.0,7.0,7.0,,,3.0,4.0,,1.0,,,4.0,2.0,,1.0,1.0,,5.0,,2.0,1.0,,6.0,9.0,1.0,26.0,22.0,8.0,10.0,,,2.0,,1.0,2.0,,,,2.0,,,,,,,3.0,1.0,,,,,1.0,,,,,,,1.0,2.0,,,,,,,,,1.0,1.0,
BF,,,,,,,,,,1.0,,,,,,,,,,,,,,,,,,,,,,,,,,,,,,,,,,,,,,,,,,,,,,,,,,,,,,,,,,,,,,,,,,,,,,,,,,,,,,,,,,,,,,,,,,,,,,,,,,,,,,,,,,,,,,,,,,,,,,,,,,,,,,,,,,,,,,,,,,,,,,,,,,,,,,,,,,,,,,,,,,,,,,,,,,,,,,,,,,,,,,,,,,,,,,,,,,,,,,,,,,,,,,,,,,,,,,,,,,,,,,
BG,,,,,1.0,1.0,,,,4.0,,,,,,,,,,,,1.0,,1.0,1.0,,,,,,7.0,,,,,,,,,,,2.0,,,1.0,,2.0,,1.0,7.0,4.0,6.0,,2.0,,,,,,,,,,,,,,,,,,,,,,,,,,,,,,1.0,,3.0,,5.0,,1.0,2.0,,,,,,,,,,,,,,,2.0,1.0,,,,,,,1.0,,2.0,4.0,,,,,,,,1.0,,,,,,,,4.0,,,,,1.0,1.0,,,,,,,,,,,,1.0,,1.0,,,,,,1.0,3.0,,1.0,,2.0,,,,1.0,,,,,1.0,1.0,,,,,1.0,1.0,,,,2.0,3.0,,1.0,4.0,,,,,,,,,,,,,,,,,,,,,,,,,,,,,,,,,,,,1.0,,,,,,,,
BH,,,,,,,,,,,,,,,,,,,,,,,,,,,,,,,,,,,,,,,,,,,,,,,,,,,,,,,,,,,,,,,,,,,,,,,,,,,,,,,,,,,,,,,,,,,,,,,,,,,,,,,,,,,,,,,,,,,,,,,,,,,,,,,,,,,,,,,,,,,1.0,,,,,,,,,,,,,,,,,,,1.0,,,,,,,,,1.0,,,,,,,,,,,,,,,,,,,,,,,,,,,,,,,,,,,,,,,,,,,,,,,,,,,,,,,,,,,,,,,,,
BI,,,,,,,,,,,,,,,,,,,,,,,,,,,,,,,2.0,,,,,,,,,,,,,,,,,,,,,,,,,,,,,,,,,,,,,,,,,,,,,,,,,,,,,,,,,,,,,,,,,,,,,,,,,,,,,,,,,,,,,,1.0,,,,,,,,,,,,,,,,,,,,,,,,,,,,,,,,,,,,,,,,,,,,,,,,,,,,,,,,,,,,,,,,,,,,,,,,,,,,,,,,,,,,,,,,,,,,,,,,,,,,,,,,,,,,,,,,,,,
BJ,,,,,,,,,,,,,,,,,,,,,,,,,,,,,,,,,,,,,,,,,,,,,,,,,,,,,,,,,,,,,,,,,,,,,,,,,,,,,,,,,,,,,,,,,,,,,,,,,,,,,,,,,,,,,,,,,,,,,,,,,,,,,,,,,,,,,,,,,,,,,,,1.0,,,,,,,,,,,,,,,,,,,,,,,,,,,,,,,,,,,,,,,,,,,,,,,,,,,,,,,,,,,,,,,,,,,,,,,,,,,,,,,,,,,,,,,,,
BN,,,,,,,,,,,,,,,,,,,,,,,,,,,,,,,,,,,,,,,,,,,,,,,,,,,,,,1.0,,,,,,,,,,,,,,,,,,,,,,,,,,,,,,,,,,,,,,,,,,,,,,,,,,,,,,,,,,,,,,,,,,,,,,,,,,,,,,,,,,,,,,,,,,,,,,,,,,,,,,,,,,,,,,,,,,,,,,,,,,,,,,,,,,,,,,,,,,,,,,,,,,,,,,,,,,,,,,,,,,,,,,,,,,,,,,,,,,
BO,,,,,,,,,,,,,,,,,,,,,,,,,,,,,,1.0,,,,,,,,,,,,,,,,,,,,,,,,1.0,,,,,,,,,,,,,,,,,,,,,,,,,,,,,,,,,,,,,,,,,,,,,,,,,,,,,,,,,,,,,,,,,,,,,,,,,,,,,,,,,,,,,,,,,,,,,,,,,,,1.0,,,,,,,,,,,,,,,,,,,,,,,,,,,,,,,,,,,1.0,,,,,,,,,,,,,,,,,,,,,,,,,,,,,,,,,,1.0,,,,,,,,,,
BR,,4.0,2.0,2.0,2.0,2.0,,1.0,6.0,20.0,1.0,1.0,,2.0,,1.0,,,,,,1.0,1.0,1.0,,5.0,,,,4.0,18.0,,,,,,1.0,,,,,,,,1.0,,,,1.0,2.0,2.0,3.0,2.0,2.0,,2.0,,,1.0,,,,,,,,1.0,3.0,,,,3.0,1.0,,,2.0,,,,,1.0,2.0,,3.0,2.0,2.0,3.0,11.0,1.0,5.0,2.0,1.0,1.0,,1.0,,,5.0,,,2.0,,,3.0,4.0,,3.0,,3.0,,2.0,,,,,7.0,11.0,,1.0,,4.0,2.0,,,3.0,,,3.0,,,1.0,1.0,1.0,,,,,1.0,6.0,,1.0,,,,1.0,,,,,,,2.0,2.0,,,,,,,1.0,,3.0,,2.0,,,3.0,,,1.0,,,1.0,,,,,,3.0,,,,,5.0,8.0,,12.0,14.0,,3.0,,,,1.0,1.0,,,,,1.0,,,,,,1.0,,,,,,,,,,,1.0,,,,,1.0,,,,,,,,,1.0,
BS,,,,,,,,,,,,,,,,,,,,,,,,,,,,,,,,,,,,,,,,,,,,,,,,,,,,,,,,,,,,,,,,,,,,,,,,,,,,,,,,,,,,,,,,,,,,,,,,,,,,,,,,,,,,,,,,,,,,,,,,,,,,,,,,,,,,,,,,,,,,,,,,,,,,,,,,,,,,,,,,,,,,,,,,,,,,,,,,,,,,,,,,,,,,,,,,,,,,,,,,,,,,,,1.0,,,,,,,,,,,,,,,,,,,,,,,,,,
BY,,,,,,,,,,,,,,,,,,,,,,,,,,1.0,,,,,1.0,,,,,,,,,,,,,,,,,,1.0,,,,,,,,,,,,,,,,,,,,,,,,,,,,,,,,,,,1.0,,1.0,,1.0,,,,,,,,,,,,,,,,,,,,,,,,,,,,,1.0,,,,1.0,,,,,,,,,,,,,,,,,,,,,,,,,,,,,,,,,,,,,,1.0,,,,,,,,,1.0,,,,,,,,,,,,,,,,,,,,1.0,,,,,,,,,,,,,,,,,,,,,,,,,,,,,,,,,,,,,,,,,,,,
CA,3.0,6.0,10.0,3.0,12.0,11.0,,,8.0,40.0,4.0,,3.0,3.0,1.0,2.0,,,2.0,,,13.0,3.0,4.0,9.0,14.0,9.0,1.0,1.0,28.0,114.0,,1.0,1.0,22.0,1.0,3.0,3.0,1.0,,1.0,3.0,1.0,4.0,2.0,1.0,1.0,7.0,13.0,38.0,16.0,42.0,20.0,45.0,1.0,18.0,1.0,2.0,4.0,2.0,2.0,10.0,,1.0,,19.0,4.0,23.0,6.0,4.0,2.0,28.0,13.0,7.0,5.0,30.0,6.0,,,,,15.0,2.0,31.0,18.0,29.0,23.0,70.0,9.0,23.0,31.0,17.0,7.0,,6.0,,,41.0,8.0,6.0,8.0,4.0,1.0,4.0,10.0,1.0,1.0,,18.0,2.0,3.0,5.0,3.0,2.0,7.0,19.0,42.0,1.0,12.0,5.0,16.0,8.0,9.0,17.0,15.0,,11.0,30.0,,,2.0,2.0,14.0,,3.0,3.0,2.0,14.0,18.0,,3.0,6.0,,8.0,1.0,4.0,1.0,4.0,2.0,3.0,4.0,2.0,16.0,3.0,1.0,1.0,15.0,13.0,14.0,26.0,8.0,21.0,18.0,12.0,,7.0,8.0,26.0,1.0,,2.0,1.0,41.0,19.0,4.0,11.0,5.0,1.0,12.0,2.0,8.0,1.0,,19.0,15.0,1.0,57.0,71.0,7.0,20.0,,4.0,12.0,11.0,11.0,15.0,,,,5.0,1.0,1.0,,1.0,1.0,26.0,9.0,3.0,,,4.0,2.0,9.0,1.0,2.0,,3.0,,,,1.0,10.0,,2.0,,,,2.0,,1.0,1.0,3.0
CD,,,1.0,,,,,,,,1.0,,,,,,,,,,,,,,,,,,,,,,,,,,,,,,,,,,,,,,,,,,,,,,,,,,,,,,,,,,,,,,,,,,,,,,,,,,,,,,,,,,,,,,,,,,,,,,1.0,,,,,,,,,,,,,,,,,,,,,,,,,,,,,,,,,,,,,,,,,,,,,,,,,,,,,,,,,,,,,,,,,,,,,,,,,,,,,,,,,,,,,,,,,,,,,,,,,,,,,,,,,,,,,,,,,,,,,,,,,,,,,,,
CF,,,,,,,,,,,,,,,,,,,,,,,,,,,,,,,,,,,,,,,,,,,,,,,,,,,,,,,,,,,,,,,,,,,,,,,,1.0,,,,,,,,,,,,,,,,,,,,,,,,,,,,,,,,,,,,,,,,,,,,,,,,,,,,,,,,,,,,,,,,,,,,,,,,,,,,,,,,,,,,,,,,,,,,,,,,,,,,,,,,,,,,,,,,,,,,,,,,,,,,,,,,,,,,,,,,,,,,,,,,,,,,,,,,,,,,,,,,
CG,,,,,,,,,,,,,,,,,,,,,,,,,,,,,,,,,,,,,,,,,,,,,,,,,,,,,,,,,,,,,,,,,,,,,,,,,,,,,,,,,,,,,,,,,,,,,,,,,,,,,,1.0,,,,,,,,,,,,,,,,,,,,,,,,,,,,,,,,,,,,,,,,,,,,,,,,,,,,,,,,,,,,,,,,,,,,,,,,,,,,,,,1.0,,,,,,,,,,,,,,,,,,,,,,,,,,,,,,,,,,,,,,,,,,,,,,,,,,,
CH,,2.0,1.0,1.0,4.0,2.0,,,3.0,8.0,,,,1.0,,1.0,,,,,,,2.0,1.0,2.0,6.0,5.0,,1.0,12.0,77.0,,1.0,1.0,,,,,,1.0,3.0,3.0,,,,,2.0,,6.0,21.0,8.0,17.0,4.0,3.0,1.0,2.0,,2.0,2.0,,,2.0,,,,,,4.0,1.0,,,9.0,4.0,1.0,2.0,5.0,,,,,1.0,6.0,,10.0,1.0,3.0,,9.0,,11.0,13.0,1.0,,,,,,3.0,,1.0,1.0,1.0,,,,1.0,1.0,,6.0,,,,1.0,2.0,2.0,9.0,37.0,,1.0,5.0,1.0,1.0,,5.0,3.0,1.0,4.0,1.0,,,,1.0,6.0,,,,1.0,6.0,6.0,,1.0,1.0,,2.0,1.0,3.0,1.0,2.0,,,3.0,,6.0,1.0,,1.0,2.0,4.0,8.0,8.0,1.0,9.0,8.0,5.0,2.0,1.0,5.0,11.0,,,,,18.0,8.0,3.0,,5.0,1.0,5.0,1.0,5.0,,,10.0,27.0,,163.0,42.0,19.0,6.0,,,,,,3.0,,,,1.0,1.0,,,,,1.0,,,,,,,1.0,,,,,,,,2.0,1.0,,,1.0,,,,,,,
CI,,,,,,,,,,,,,,,,,,,,,,,,,,,,,,1.0,,,,,,,,,,,,,,,,,,,,,1.0,1.0,,,,,,,,,,,,,,,,,,,,,,,,,,,,,,,,,,,,,,,,,,,,,,,,,,,,,,,,,,,,,,,,,1.0,,,,,,,,,,,,,,,,,,,,,,,,,,,,,,,,,,,,,,,,,,,,,,,,,,,,,,,,,,,,,,1.0,,,,,,1.0,,,,,,,,,,,,,,,,,,,,,,,,,,,,,,,,,,,,,,,,,,,,,,,
CL,,,,1.0,2.0,,,,1.0,2.0,,,,,,,,,,,,1.0,,,,1.0,,,,,5.0,,,,,,,,,,,,,,,,,2.0,,3.0,1.0,5.0,,1.0,,,,,,,,,,,,,,1.0,,,,2.0,,1.0,,1.0,,,,,,1.0,,,1.0,1.0,,7.0,,,,,,,,,,1.0,,,1.0,,,,,,,,,,,,,1.0,,,3.0,,1.0,,,,1.0,4.0,2.0,,,,,,,,1.0,,,,,1.0,,,,,,,,,,,,,,,1.0,,,,,,1.0,,,,,,,,,1.0,,,,,2.0,1.0,,,,,1.0,,,,,6.0,1.0,3.0,1.0,1.0,,,,,,,,,,,,,,,,,,,1.0,,,,,,,,,,,,,,,,,,,,,,,,,
CM,,1.0,,,,,,,,1.0,,,1.0,,,,,,,,,,,,,1.0,,,,1.0,2.0,,1.0,,,,,,,,,,,,,,,,,1.0,,,,,,,,,,,,,,,,,,,,,,,,,,,,,,,,,,,,,,,,,,,,,,,,,,,,,,,,,,,,,,,,,,,,,,,,,,,,,,,,,,,,,,,,2.0,1.0,,,,,,,,,,,,,,,,,,,,,,,,,,,,,,1.0,,,,,,,,,,,,1.0,,,,,,,1.0,,,,,1.0,,,1.0,,,,,,,,,,,,,,,,,,,,,,,,,,,,,,,,,,,,
CN,,,2.0,2.0,1.0,1.0,1.0,,5.0,10.0,,,,1.0,,,,,,,,,,,2.0,1.0,,,,1.0,13.0,1.0,,,1.0,,,,,,,,,,,,,,,3.0,,6.0,,2.0,,,,3.0,1.0,,1.0,,,,,,,4.0,,,,5.0,2.0,1.0,2.0,,,,,,1.0,7.0,,5.0,,6.0,4.0,14.0,1.0,6.0,6.0,,,1.0,,,,2.0,,,,4.0,1.0,2.0,1.0,,1.0,,1.0,2.0,,,1.0,2.0,,4.0,11.0,,1.0,,,2.0,,,2.0,1.0,,1.0,,,,1.0,1.0,,,,,6.0,2.0,1.0,,1.0,,2.0,1.0,,,1.0,,,1.0,,1.0,1.0,,,,,1.0,3.0,,2.0,4.0,2.0,,,,4.0,,3.0,,,,,,1.0,2.0,,1.0,,2.0,1.0,,7.0,4.0,,9.0,11.0,,1.0,,,,1.0,,,,,,,,,,,1.0,5.0,,1.0,,,,1.0,2.0,,,,,,,,,1.0,,1.0,,,,,,,2.0,
CO,3.0,,,,2.0,,,,,3.0,1.0,,,,,,,,,,,,1.0,,,,,,,,,,,,,,,,,,,,,,,,,,,,,,,,,1.0,,,,,,,,,,,,,,,,2.0,,,,,,,,,,,,,,,,1.0,,,,,,,,,,,,,,,,,,,,,,,,,,1.0,,,,,,,,,,,,,,,,,,,,,,,,,,,,,,,,,,1.0,,,,1.0,1.0,,,,,2.0,1.0,1.0,1.0,,,,,,,3.0,,,,,,,,,1.0,,3.0,,,,,,1.0,,2.0,,,,,,,,,1.0,,,1.0,,,,,,,,,1.0,,,,,,,,,,,,,,,,,,,,,,,,1.0
CR,,,,,2.0,,,,,1.0,,,,,,,,,,,,,,,,,,,,2.0,1.0,,,,,,,,,,,,,,,,,,,,,,,1.0,,,,,,,,,,,,,,,,,,,1.0,,,,,,,,,,,,,,,,,,,,,,,,,,,,,,,,,,,,,,1.0,,,,,,,,,,,,,,,,,,,,,,,,,,,,,,,,,,,,,,,,,,,,,,,,,1.0,,,,,,,,,,,1.0,,,1.0,,,,,,,,,,1.0,,,,,,,,,,,,,,,,,,,,,,,,,,,,,,,,,,,,,,1.0,,,,,,,,,,
CU,,,,,,,,,,,,,,,,,,,,,,,,,,,,,,,,,,,,,,,,,,,,,,,,,,1.0,1.0,,,,,,,,,,,,,,,,,,,,,,,,,,,,,,,,,1.0,,,,1.0,,,,,,,,,,,,,,,,,,1.0,,,,,,,,1.0,,,,,,,,,,,,,,,,,,,,,,,,,,,,,,,,,,,,,,1.0,,,,,,1.0,,,,,,,,,,,,,,,,,,,,,,,,,,1.0,,,,1.0,,,,,,,,1.0,,,,,,,,,,,,,,,,,,,,,1.0,,,,,,,,,,,,,,,
CY,,,,,,,,,,,1.0,,,,,,,,,,,,,,,,,,,,,,,,,,,,,,,,,,,,,,,,,,,,,,,,,,,,,,,1.0,,,,,,,,,,,,,,,,,,,,,,,,,,,,,,,,,,,,,,,,,,,,,,,,,,,,,,,,,,,,,,,,,1.0,,,,,,,,,,,,,,,,,,,,,,,,,,,,,,,,,,,,,,,,,,,,,,,,,,,,,,,,,,,,,,,,,,,,,,,,,,,,,,,,,,,1.0,,,,,,,,,,,,,,,,,,
CZ,,1.0,2.0,,3.0,,,,,11.0,2.0,1.0,1.0,,,1.0,,,,,,1.0,2.0,4.0,2.0,6.0,1.0,,1.0,2.0,17.0,,1.0,,,,,,,,,2.0,,,1.0,1.0,2.0,3.0,3.0,21.0,2.0,18.0,,1.0,,1.0,,,,,,,,,,3.0,1.0,1.0,1.0,,,5.0,2.0,,,,,,,,,1.0,2.0,7.0,1.0,4.0,2.0,7.0,,10.0,2.0,4.0,,,1.0,,,2.0,,,1.0,2.0,,1.0,,1.0,,,5.0,2.0,1.0,,1.0,3.0,,4.0,29.0,1.0,2.0,,2.0,1.0,,,1.0,,1.0,,,,,,1.0,,,,1.0,4.0,2.0,,,1.0,,,,,,2.0,,,,,3.0,1.0,1.0,,,,4.0,4.0,,2.0,2.0,4.0,,,,2.0,,,,,4.0,3.0,,4.0,1.0,,,4.0,4.0,1.0,,3.0,7.0,,11.0,18.0,2.0,2.0,,,,,1.0,1.0,,,,2.0,,,,,,,,,,,,,2.0,,,,,,,,,1.0,,,,,,,,,,
DE,,3.0,7.0,3.0,28.0,8.0,,,9.0,52.0,1.0,1.0,2.0,3.0,,1.0,1.0,,1.0,,2.0,19.0,5.0,10.0,23.0,32.0,15.0,1.0,5.0,34.0,218.0,1.0,2.0,,4.0,,,,,,1.0,8.0,,2.0,11.0,4.0,5.0,6.0,30.0,90.0,18.0,74.0,12.0,29.0,2.0,11.0,,4.0,3.0,,2.0,3.0,,1.0,,5.0,1.0,13.0,2.0,2.0,,20.0,11.0,9.0,1.0,3.0,,,4.0,1.0,11.0,21.0,7.0,47.0,13.0,40.0,12.0,75.0,4.0,58.0,39.0,5.0,1.0,1.0,6.0,,1.0,17.0,7.0,1.0,3.0,8.0,,6.0,3.0,6.0,3.0,,24.0,2.0,1.0,,4.0,10.0,8.0,35.0,89.0,3.0,18.0,14.0,6.0,15.0,7.0,10.0,13.0,1.0,4.0,11.0,3.0,1.0,1.0,2.0,11.0,1.0,3.0,5.0,2.0,8.0,23.0,,2.0,3.0,,7.0,3.0,7.0,,4.0,1.0,5.0,7.0,1.0,20.0,5.0,,,7.0,7.0,12.0,24.0,1.0,14.0,15.0,26.0,2.0,4.0,8.0,21.0,1.0,1.0,,,29.0,10.0,1.0,5.0,3.0,5.0,4.0,5.0,8.0,3.0,2.0,85.0,71.0,2.0,120.0,169.0,38.0,21.0,,2.0,,1.0,1.0,3.0,,,,2.0,,,,,2.0,9.0,,3.0,,5.0,1.0,3.0,8.0,,,1.0,2.0,,,,2.0,7.0,,,,,,,,,1.0,2.0
DK,,,,,,1.0,,,2.0,7.0,,,,,,,,,,,,1.0,,1.0,1.0,8.0,,,,9.0,29.0,,,,,,,,,,,,,1.0,1.0,,1.0,1.0,2.0,8.0,6.0,11.0,1.0,3.0,,1.0,,,,,1.0,,,,,2.0,,6.0,3.0,,1.0,5.0,,2.0,,2.0,,,,,1.0,1.0,,3.0,1.0,3.0,3.0,7.0,,6.0,7.0,1.0,,,,,,7.0,,2.0,2.0,1.0,,,,,,,7.0,2.0,3.0,,,1.0,,12.0,11.0,,1.0,2.0,1.0,3.0,1.0,2.0,1.0,,,,,,1.0,1.0,2.0,,,,1.0,4.0,3.0,,,1.0,,1.0,1.0,1.0,1.0,,,1.0,3.0,,2.0,,1.0,,3.0,5.0,,5.0,1.0,2.0,3.0,2.0,,,1.0,6.0,,,,,22.0,,,,2.0,,1.0,,,,,3.0,13.0,,25.0,14.0,8.0,5.0,,,1.0,1.0,,,,,,,,,,,,,,,,,1.0,,1.0,,1.0,,1.0,,1.0,,1.0,1.0,,1.0,,,,,1.0,,,
DO,,,,,,,,,,,,,,,,,,,,,,,,,,,,,,,1.0,,,,,,,,,,,,,,,,,,,,,,,,,,,,,,,,,,,,,,,,,,,,,,,,,,,,,,,,,,,,,,,,,,,,,,,,,,,,,,,,,,,,,,,,,,,,,,,,,,,,,,,,,,,,,,,,,,,,,,,,,,,,,,,,,,,1.0,,,,,,1.0,,,,,,,,,,,,,,,,,,,,,,,,,,,,,,,,,,,,,,,,,,,,,,,,,,,,,,,,,,,,,,,,
DZ,,,,,,,,,1.0,2.0,,,,,,,,,,,,,,,,,,,,,1.0,,,,,,,,,,,,,,,,,,,2.0,,,,,,,,,,,,,,,,,,,,,,1.0,2.0,,,,,,,,,,,,,,,2.0,,,,1.0,,,,,,,,,,,,,,,,,,,,,,,,,,,,,,,,,1.0,,,,,,,,,,,,,,,,,1.0,,,,,,,,,,,,,,,,2.0,,,,,,1.0,,,,,,,,,,,,,,,,,,,,,,,,1.0,,,,,,,,,,,,,,,,,,,,,,,,,1.0,,,,,,,,,,,,,,,,,,,
EC,,,,,,,,,,1.0,,,,,,,,,,,,,,,,,,,,,1.0,,,,,,,,,,,,,,,,,,,,,,,,,,,,,,,,,,,,,,,,,,,,,,,,,,,,,,,,,,,,,,,,,,,,,,,,,,,,,,,,,,,,,,,,,,,,,,,,,,,,,,,,,,,,,,,,,,,,,,,,,,,,,,,,,,,,,,,,,,,,,,,,,,,,,,,,,,,,,,,,,,,,,,,,,,,,,,,,,,,,,,,,,,,,,,,,,,,,,,,,,
EE,,,,,,,,,,,,,,,,,,,,,,,,,,,,,,,,,,,,,,,,,,,,,,,,,,,1.0,,,,,,,,,,,,,,,,,1.0,,,,1.0,,,,,,,,,,,,,,1.0,,,,,,,,,,,,,,,,,,,,,,,,,,,,,,,,,,,,,,,,,,,,,,,,,,,,,,,,,,,,,,,,,,,,,,,,,,,,,,,,,,,,,,,,,,,,,,,,,,,,,,,,,1.0,,,,,,,,,,,,,,,,,,,,,,,,,,,,,,,,,,,,,,,,,
EG,1.0,,,,1.0,1.0,,1.0,2.0,6.0,,,,,,,,,,,,,,,,,,,,1.0,4.0,,,,1.0,,,,,,,1.0,,1.0,2.0,,1.0,3.0,3.0,10.0,1.0,1.0,1.0,1.0,,,,,,,1.0,1.0,,,,1.0,,,1.0,,,3.0,,,,,,,,,,1.0,,3.0,2.0,3.0,4.0,10.0,,7.0,6.0,1.0,,,1.0,,,1.0,,,,1.0,,,,1.0,,,,2.0,1.0,,,8.0,3.0,1.0,2.0,,3.0,2.0,1.0,1.0,,,,,,,,,,,,,,,,,1.0,,,,,1.0,,,,,,,,,3.0,,,,,,1.0,,,,2.0,,,1.0,,,,,,,1.0,,,,,,1.0,,,,,1.0,,,1.0,3.0,1.0,4.0,,,,,1.0,,,,,,,,,,,,,,,,,,,,,,1.0,,,,,,,,,,,,,,,
ES,2.0,,,,3.0,2.0,,,2.0,13.0,,1.0,,3.0,,1.0,,,,,,1.0,,,,3.0,1.0,,,1.0,13.0,1.0,,1.0,1.0,,,,,,,,,,1.0,,,,2.0,10.0,4.0,4.0,,2.0,,1.0,,2.0,,,1.0,,,,,1.0,,2.0,1.0,1.0,,1.0,1.0,1.0,,,,,,,2.0,,,3.0,1.0,3.0,,8.0,,2.0,4.0,,,,1.0,,,1.0,,,2.0,,,2.0,,1.0,1.0,,,,,,,2.0,2.0,,5.0,,4.0,,,3.0,,1.0,,,1.0,1.0,,,,,1.0,,,,,2.0,2.0,,,,,2.0,,,,,,1.0,,1.0,7.0,,,,,,2.0,1.0,,,2.0,,,1.0,,4.0,,,1.0,1.0,4.0,1.0,,,1.0,,,,1.0,,,14.0,2.0,1.0,21.0,15.0,,8.0,,,,,,1.0,,,,,,,,,,,,,,,,,,,,,1.0,,,,,,,,,,,,,,,
ET,,,,,,,,,,,,,,,,,,,,,,,,,,,,,,,,,,,,,,,,,,,,,,,,,,,,,,,,,,,,,,,,,,,,,,,,,,,,,,,,,,,,,,,,,,,,,,,,,,,,,,,,,,,,,,,,,,,,,,,,,,,,,,,,2.0,,,,,,,,,,,,,,,,,,,,,,,,,,,,,,,,,,1.0,,,,,,,,,,,,,,,,,,,,,,,,,,,,,,,,,,,,,,,,,,,,,,,,,,,1.0,,,,,,,,,,,,,,,,,,,
FI,,1.0,2.0,1.0,2.0,1.0,,,,3.0,,,1.0,,,,,,,,,2.0,,,1.0,2.0,2.0,,,5.0,18.0,,,,,,,,,,,,,,,,1.0,,,3.0,,7.0,2.0,7.0,,,,,,,,,,,,1.0,,5.0,,,,2.0,,,,1.0,,,,,2.0,2.0,,2.0,,1.0,1.0,6.0,,2.0,3.0,,,,,,,2.0,1.0,1.0,,2.0,,,,,1.0,,2.0,1.0,,,,,1.0,1.0,4.0,,1.0,1.0,,1.0,,1.0,,,4.0,2.0,,,,,2.0,,,,,2.0,4.0,,,1.0,,3.0,,3.0,,1.0,,,2.0,3.0,2.0,1.0,1.0,,5.0,2.0,,,1.0,4.0,1.0,2.0,,3.0,3.0,3.0,,,,,11.0,,,2.0,1.0,,4.0,1.0,2.0,,,5.0,2.0,,10.0,19.0,2.0,1.0,,,1.0,,,,,,,1.0,,,1.0,,,1.0,,1.0,,,,,,,,,,,,,1.0,,,,,,,,,,,
FJ,,,,,,,,,,1.0,,,,,,,,,,,,,,,,,,,,,,,,,,,,,,,,,,,,,,,,,,,,,,,,,,,,,,,,,,1.0,,,,,,,,,,,,,,,,,,,,,,,,,,,,,,1.0,,,,,,1.0,1.0,,,,,,,,,,,,,,,,,,,,,,,,,,,,,,,,,,,,,,,,,,,,,,,,,,,,,,,,,,,,,,,,,,,,,,,,,,,,1.0,,,,,,,,,,,,,,,,,,,,,,,,,,,,,,,,,,,,,,,,,,,,,,,,,,,
FR,,5.0,6.0,8.0,14.0,7.0,1.0,,4.0,30.0,1.0,2.0,1.0,,,,,,,,1.0,7.0,2.0,6.0,8.0,25.0,4.0,,2.0,29.0,152.0,,3.0,1.0,3.0,3.0,2.0,1.0,1.0,,4.0,3.0,,2.0,7.0,1.0,1.0,9.0,21.0,74.0,22.0,48.0,12.0,13.0,,7.0,,5.0,3.0,,1.0,1.0,,1.0,,2.0,3.0,14.0,1.0,,,36.0,9.0,4.0,3.0,8.0,4.0,,2.0,1.0,8.0,11.0,2.0,28.0,3.0,12.0,2.0,52.0,,28.0,28.0,3.0,,2.0,2.0,,,19.0,,2.0,5.0,4.0,,5.0,3.0,3.0,5.0,,21.0,,3.0,2.0,,4.0,8.0,41.0,78.0,2.0,10.0,13.0,1.0,9.0,6.0,9.0,11.0,1.0,2.0,2.0,,,,1.0,7.0,,1.0,2.0,1.0,11.0,13.0,,,8.0,2.0,6.0,,2.0,,4.0,1.0,1.0,1.0,1.0,22.0,2.0,1.0,,7.0,10.0,8.0,24.0,1.0,12.0,12.0,16.0,,4.0,5.0,13.0,,1.0,,,27.0,11.0,3.0,9.0,3.0,,11.0,3.0,8.0,1.0,,38.0,52.0,3.0,103.0,108.0,26.0,16.0,,,,,1.0,3.0,,,,1.0,1.0,,,,,4.0,,3.0,,1.0,,1.0,3.0,1.0,,,4.0,,,,,1.0,,,,1.0,,1.0,,1.0,,1.0
GB,5.0,10.0,24.0,7.0,27.0,16.0,1.0,1.0,16.0,80.0,,4.0,6.0,8.0,2.0,2.0,1.0,,2.0,2.0,6.0,19.0,4.0,4.0,25.0,38.0,10.0,1.0,2.0,51.0,229.0,1.0,3.0,1.0,7.0,2.0,5.0,,5.0,,6.0,6.0,,4.0,19.0,,9.0,6.0,30.0,88.0,17.0,80.0,19.0,31.0,1.0,12.0,1.0,7.0,2.0,,3.0,2.0,1.0,1.0,,14.0,6.0,26.0,9.0,6.0,5.0,59.0,18.0,20.0,5.0,22.0,8.0,1.0,1.0,,9.0,17.0,4.0,67.0,30.0,46.0,20.0,78.0,7.0,64.0,57.0,17.0,2.0,3.0,2.0,1.0,,52.0,5.0,12.0,12.0,16.0,6.0,10.0,14.0,3.0,8.0,,33.0,8.0,12.0,3.0,2.0,14.0,9.0,28.0,95.0,1.0,25.0,13.0,6.0,14.0,12.0,15.0,10.0,,12.0,16.0,1.0,,7.0,4.0,41.0,,,7.0,4.0,25.0,65.0,,7.0,25.0,2.0,18.0,4.0,5.0,2.0,14.0,3.0,8.0,23.0,8.0,43.0,11.0,4.0,1.0,28.0,28.0,44.0,52.0,10.0,45.0,40.0,45.0,4.0,9.0,12.0,39.0,,5.0,5.0,,70.0,34.0,6.0,9.0,3.0,5.0,28.0,9.0,24.0,1.0,,79.0,25.0,6.0,116.0,119.0,21.0,29.0,,2.0,20.0,10.0,10.0,16.0,,,1.0,7.0,2.0,1.0,1.0,2.0,1.0,26.0,5.0,9.0,1.0,1.0,1.0,5.0,18.0,4.0,2.0,4.0,9.0,,,1.0,5.0,14.0,1.0,7.0,,,1.0,,1.0,1.0,2.0,3.0
GE,,,,,,,,,,,,,,,,,,,,,,,,,,,,,,,1.0,,,,,,,,,,,,,,,,,,,,,,,1.0,,,,,,,,,,,,,,,,,,1.0,,,,,,,,,,,,,,,,,,,,,,,,,,,,,,,,,,,,,,,,,,,,,,,,,,,,,,,,,,,,,,,,,,,,,,,,,,,,,,,,,,,,,,,,,,,,,,,,,,,,,,1.0,,,,,,,,,,,,,1.0,,,,,,,,,,,,,,,,,,,,,,,,,,,,,,,,,,,,,,,,,,,,,
GF,,,,,1.0,,,,,,,,,,,,,,,,,,,,,,,,,,,,,,,,,,,,,,,,,,,,,,,,,,,,,,,,,,,,,,,,,,,,,,,,,,,,,,,,,,,,,,,,,,,,,,,,,,,,,,,,,,,,,,,,,,,,,,,,,,,,,,,,,,,,,,,,,,,,,,,,,,,,,,,,,,,,,,,,,,,,,,,,,,,,,,,,,,,,,,,,,,,,,,,,,,,,,,,,,,,,,,,,,,,,,,,,,,,,,,,,,,,
GH,,,,,,,,,,3.0,,1.0,,,,,,,,,,,,,,,,,,,2.0,,,,,,,,,,,,,,,,,,,1.0,,1.0,,,,,,,,,,,,,,,,,,,,,,,,,,,,,,,,,,,,,,,,,,,,,,,,,,,,,,,,,,,,,,,,,1.0,,2.0,,,,,,,,,,,,,,,,,,,,,,,1.0,,,,,,1.0,,,,,,,,,1.0,1.0,,,,,,,,,,,,,,,,,,,,,,,,,,,,,,,,,,,,,,,,,,2.0,,,,,,2.0,,,,,,,1.0,,,,,,,,,,,,1.0,,,,,,,
GL,,,,,,,,,,,,,,,,,,,,,,,,,,,,,,,,,,,,,,,,,,,,,,,,,,,,,,,,,,,,,,,,,,,,,,,,1.0,,,,,,,,,,,,,,,,,,,,,,,,,,,,,,,,,,,,,,,,,,,,,,,,,,,,,,,,,,,,,,,,,,,,,,,,,,,,,,,,,,,,,,,,,,,,,,,1.0,,,,,,,,,,,,,,,,,,,,,,,,,,,,,,,,,,,,,,,,,,,,,,,,,,,,,,,,,,,,,,,,,
GM,,,,,,,,1.0,,,,,,,,,,,,,,,,,,,,,,,,,,,,,,,,,,,,,,,,,,,,,,,,,,,,,,,,,,,,,,,,,,,,,,,,,,,,,,,,,,,,,,,,,,,,,,,,,,,,,,,,,,,,,,,,,,,,,,,,,,,,,,,,,,,,,,,,,,,,1.0,,,,,,,,,,1.0,,,,2.0,,,,,,,,,,,,,,,,,,,,,,,,,,,,,,,,,,,,,,,,,,,,,,,,,,,,,,,,,,,,,,,,,,,,,,
GP,,,,,,,,,,,,,,,,,,,,,,,,,,,,,,1.0,,,,,,,,,,,,,,,,,,,,,,,,,,,,,,,,,,,,,,,,,,1.0,,,,,,,,,,,,,,,,,,,,,,,,,,,,,,,,,,,,,,,,,,,,,,,,,,,,,,,,,,,,,,,,,,,,,,,,,,,,,,,,,,,,,,,,,,,,,,,,,,,,,,,,,,,,,,,,,,,,,,,,,,,,,,,,,,,,,,,,,,,,,,,,,,,,,,,,,,,,,,,,
GR,,1.0,1.0,,1.0,,,,1.0,3.0,,,,2.0,,,,,,,,2.0,,,,1.0,,1.0,,1.0,3.0,,,,,,,,,,,,,,,,,,,,,1.0,,3.0,,,,,1.0,,1.0,,,,,,,,,,,3.0,1.0,,,,,,,,1.0,1.0,,3.0,4.0,2.0,2.0,3.0,2.0,2.0,2.0,1.0,,,,,,1.0,,1.0,1.0,,,,,,,,1.0,,,,,,,2.0,7.0,,,1.0,,4.0,,1.0,,,,,,,,,1.0,,,,,,3.0,,,1.0,,2.0,1.0,1.0,,1.0,,1.0,1.0,,2.0,1.0,,,2.0,1.0,1.0,2.0,,,,,,,5.0,1.0,,,,,2.0,,,,3.0,,,,,,,6.0,,,6.0,4.0,2.0,1.0,,1.0,,,,1.0,,,,,,,,,,,,,,,,,,,1.0,,,,,,,,,,,,,,,,,
GT,,,,,,,,,,2.0,1.0,,,,,,,,,,,,,,,,,,,,,,,,,,,,,,,,,,,,,,,,,,,,,,,,,,,,,,,,,,,,,,,,,,,,,,1.0,,,,,,,,,,,,,,,,,,,1.0,,1.0,,,1.0,,,,,,,,,,,,,,,,,,,,,,,,,,,,1.0,,,,,,1.0,,,,,,,,,1.0,,,,,,,,,,,,,,1.0,,,,,,,,,,,,,,,,,5.0,,,,,,,,,1.0,,,,,,,,,,,,,,,,,,1.0,,,,,,,,,,,,,,,,,,,,,,,,,,
GW,,,,,,,,,,,,,,,,,,,,,,,,,,,,,,,,,,,,,,,,,,,,,,,,,,,,,,,,,,,,,,,,,,,,,,,,,,,,,,,,,,,,,,,,,,,,,,,,,,1.0,1.0,,,,,,,,,,,,,,,,,,,,,,,,,,,,,,,,,,,,,,,,,,,,,,,,,,,,,,,,,,,,,,,,,,,,,,,,,,,,,,,,,,,,,,,,,,,,,,,,,,,,,,,,,,,,,,,,,,,,,,,,,,,,,,,,,,,,,
GY,,,,,1.0,,,,,,,,,,,,,,,,,,,,,,,,,,1.0,,,,,,,,,,,,,,,,,,,,,,,,,,,,,,,,,,,,,,,,,,,,,,,,,,,,,,,,,,,,,,,,,,,,,,,,,,,,,,,,,,,,,,,,,,,,,,,,,,,,,,,,,,,,,,,,,,,,,,,,,,,,,,,,,,,,,1.0,,,,,,,,,,,,,,,,,,,,,,,,,,,,,,,,,,,,,,,,,,,,,,,,,,,,,,,,,,,,,,,,,,,,
HK,,,,,,,,,,1.0,,,,,,,,,,,,,,,,,,,,,3.0,,,,,,,,,,,,,,,,,,,,,,1.0,,,,,,,,,2.0,,,,1.0,1.0,,,,,,,,,,1.0,,,,,,1.0,1.0,,1.0,1.0,1.0,,2.0,2.0,,,,,,,,,,,1.0,,,,,,,,,,,,,,,1.0,,,,,,,,,,,,,,,,,,,,,2.0,1.0,,,1.0,,1.0,,,,,,,,,1.0,1.0,,,,,,2.0,,1.0,1.0,1.0,,,,2.0,,1.0,,,1.0,1.0,,2.0,2.0,,,1.0,,,,,,,,1.0,,,,,,,,1.0,,,,1.0,1.0,,,,,,,,,,,,,,,,,,,,,,,,,,,,,,,
HR,,,,,,,,,,1.0,,,,,,,,,,,,,1.0,,,1.0,,,,1.0,6.0,,,,1.0,,,,1.0,,,1.0,,,,,,1.0,,3.0,1.0,,,,,,,,,,,,,,,,,1.0,,,,,1.0,,,,,,,,,1.0,,,,,1.0,2.0,1.0,2.0,,,,,,,,,,,,1.0,,,,,,,1.0,,,,,,,2.0,1.0,,1.0,,,,,,1.0,,,,,,,,,,,,,,1.0,,,,,,,,,,,,,,1.0,,,,,,,,,,2.0,1.0,,,,,,,,,,1.0,,,1.0,,,,,,,,1.0,,7.0,5.0,4.0,,,,,,,,,,,,1.0,,,,,,,1.0,,,,,,,,,,,,,1.0,,,,,,,,,,,
HU,,,4.0,2.0,,3.0,,,,5.0,1.0,,,,,,,,,,,,2.0,,1.0,1.0,2.0,,,4.0,24.0,,,,,,,,,,,,,,1.0,,1.0,,4.0,17.0,1.0,6.0,,5.0,,5.0,,,,,,,,,,,,1.0,,,,,1.0,,,,,,,,,2.0,,5.0,1.0,2.0,1.0,8.0,2.0,5.0,4.0,,,,1.0,,,2.0,1.0,,,,,1.0,,,,,2.0,1.0,,1.0,,1.0,1.0,6.0,19.0,,10.0,1.0,2.0,1.0,1.0,1.0,4.0,,,3.0,,,,,5.0,1.0,1.0,,,1.0,,,,,,2.0,,,,1.0,,,,,2.0,,,,1.0,1.0,,1.0,,1.0,1.0,1.0,,1.0,1.0,3.0,,,,,11.0,2.0,,2.0,2.0,1.0,1.0,1.0,2.0,,,5.0,4.0,,14.0,26.0,8.0,3.0,,,,,,,,,,,,,,,,,,,,,,,,,1.0,,4.0,,,,,,,,,,,,1.0,,,
ID,,,,,,,,,,2.0,,,,,,,,,,,,,,,,1.0,,,,,1.0,,,,,,,,,,,,,,,,,,,,,1.0,,,,,,,,,,,,,,,,,,,,,,,,,,,,,,,,,,,,,,,1.0,,,,,,,1.0,,,2.0,,,,,,,,1.0,,,,,,,,,,,,,1.0,,,,,,,,,,,,,,,,,2.0,,,,,,,,,,,,,,,,,,,,,,,2.0,,,,,,,,,,,,,,,,,1.0,,,,,,,,,,,,,,,,,1.0,,,,,,,,,,1.0,,,,,,,,,,,,,,,,,,,,,,,,,,
IE,,1.0,,,,2.0,,,1.0,4.0,,,,,,,,,,,,2.0,,,4.0,2.0,2.0,,1.0,3.0,8.0,,,,,,1.0,,1.0,,,,,,1.0,,,,,1.0,,4.0,1.0,,,1.0,,,,,1.0,1.0,,,,,,1.0,,,1.0,2.0,1.0,2.0,,1.0,,,,,1.0,,,2.0,,,,2.0,1.0,1.0,1.0,1.0,,,,,,,,,1.0,,,,,,,,,,,,,1.0,1.0,,3.0,,,,2.0,,,,,,,,1.0,,1.0,,1.0,,,,,2.0,2.0,,,,,1.0,,,,1.0,,1.0,,,3.0,,,,3.0,2.0,1.0,5.0,2.0,1.0,2.0,4.0,,,,2.0,,1.0,,,1.0,,,,1.0,,1.0,,1.0,,,1.0,2.0,,7.0,5.0,2.0,3.0,,,1.0,1.0,1.0,,,,,,,1.0,,,,3.0,,1.0,,,,,1.0,,,,1.0,,,,,1.0,,,,,,,,,,
IL,1.0,2.0,1.0,1.0,3.0,2.0,,,3.0,15.0,4.0,1.0,1.0,1.0,,1.0,1.0,,,,,2.0,1.0,1.0,,7.0,2.0,,2.0,9.0,39.0,,2.0,4.0,2.0,,,,3.0,,,1.0,,1.0,3.0,,1.0,5.0,4.0,10.0,9.0,14.0,17.0,14.0,,6.0,,1.0,,,,2.0,,1.0,,6.0,3.0,6.0,,1.0,,9.0,5.0,4.0,2.0,10.0,5.0,,,,2.0,4.0,1.0,13.0,6.0,12.0,5.0,26.0,5.0,16.0,9.0,1.0,1.0,,,,2.0,9.0,,,5.0,,1.0,2.0,1.0,3.0,3.0,,11.0,3.0,,,,1.0,2.0,12.0,19.0,,4.0,3.0,1.0,8.0,2.0,3.0,13.0,1.0,3.0,1.0,,,,1.0,4.0,,1.0,,,7.0,5.0,,,3.0,,3.0,1.0,1.0,,1.0,,1.0,2.0,,3.0,2.0,,,,2.0,3.0,6.0,,2.0,3.0,10.0,2.0,,2.0,6.0,,,1.0,,16.0,3.0,1.0,1.0,,,1.0,,,1.0,1.0,8.0,13.0,,25.0,50.0,4.0,7.0,,3.0,2.0,3.0,2.0,4.0,,,,6.0,,,,,,2.0,2.0,,1.0,3.0,1.0,2.0,2.0,,,,1.0,,,,2.0,6.0,1.0,1.0,,,,,,1.0,,
IN,2.0,6.0,3.0,,3.0,5.0,,,2.0,12.0,,,,,,,,,,,,1.0,1.0,1.0,5.0,4.0,,,1.0,5.0,47.0,1.0,,,5.0,,1.0,,,,,4.0,,1.0,3.0,1.0,2.0,3.0,3.0,35.0,3.0,11.0,5.0,5.0,,3.0,,1.0,,,,4.0,,,,2.0,1.0,5.0,1.0,1.0,1.0,26.0,3.0,,,2.0,1.0,,,,6.0,7.0,4.0,25.0,10.0,10.0,3.0,42.0,,17.0,11.0,2.0,1.0,1.0,1.0,,2.0,6.0,,3.0,1.0,5.0,,1.0,2.0,1.0,4.0,,2.0,,,,,3.0,,10.0,32.0,,5.0,1.0,1.0,4.0,,3.0,6.0,,4.0,5.0,,,,1.0,4.0,,,,,2.0,1.0,,1.0,1.0,,3.0,1.0,1.0,,3.0,1.0,1.0,2.0,1.0,7.0,1.0,2.0,,2.0,2.0,4.0,2.0,,1.0,2.0,2.0,1.0,,2.0,3.0,,1.0,,1.0,6.0,1.0,1.0,3.0,1.0,,7.0,6.0,2.0,1.0,1.0,14.0,5.0,,14.0,27.0,4.0,4.0,,,,1.0,1.0,2.0,,,,1.0,,,,,,3.0,1.0,1.0,,,,1.0,1.0,,,,,1.0,2.0,,1.0,2.0,,1.0,,,,,,,,1.0
IQ,,,1.0,,,,,,,1.0,,,,,,,,,,,,,,,,,,,,2.0,,,,,,,,,,,,,,,,,,,,,1.0,1.0,,,,,,,,,,,,,,,,,,,,,1.0,,,,,,,,,,,,1.0,1.0,,,,1.0,3.0,,1.0,,,,,1.0,,,,2.0,,,,,,,,,,,,,,,1.0,,1.0,,,,,,,,,,,,,,,,,,,,,,,,,,,,,,,,,,,,,,,,,,,,1.0,,,,,,,,,,,,,,,,,,1.0,,,,,,,,,,,,,,,,,,,,,,,,,,,,,,,,,,,,,,,1.0,,,,1.0,,,,,,,,
IR,,,,,,,,,,5.0,,,,,,,,,,,,,,,,,,,,,2.0,,,,,,,,,,,,,,,,,,1.0,2.0,,,,,,,,1.0,,,,1.0,,,,,,,,,,6.0,,1.0,,,,,,,,,,1.0,,5.0,1.0,1.0,,,1.0,,,,,,,,,,1.0,,,,,,1.0,,,,,,,,,1.0,2.0,,,,,,,,,,,1.0,,,,,,,,,,,,,,1.0,,,,,,,,,,,,,1.0,,1.0,,,1.0,,,,,,,,,,,,,,,,,,,1.0,,,,,,,,1.0,,,1.0,,,,,,,,,,,,,,,,,,,,,,,,,,,,,1.0,1.0,,,,,,,,,,,,
IS,,,,,1.0,,,,,1.0,,,,,,,,,,,,,,,,,,,,,1.0,,,,,,,,,,,,,,,,,,,,,,,,,,,,,,,,,,,,,,,,,3.0,,,,,,,,,,,,,,,,,,,,,,,,,,1.0,,,,,,,,,,,,,,,,,,,,,,,,,,,,,,,,,,,1.0,,,,,,2.0,,,,,,,,,,,,,,,,,,,,,,,,,,,,1.0,,,,,,,,,,,,,,,,,,,,,,,1.0,,,1.0,,,,,,,,,,,,,,,,,,,,,,,,,,,,,,,,,,,,,,,
IT,1.0,1.0,8.0,,2.0,3.0,2.0,,3.0,18.0,,1.0,1.0,1.0,,1.0,1.0,,,,,5.0,2.0,1.0,3.0,10.0,7.0,,1.0,16.0,70.0,,,,,,1.0,,,,1.0,,,,1.0,2.0,1.0,2.0,5.0,32.0,8.0,14.0,3.0,8.0,,3.0,,,,,,1.0,,,,1.0,1.0,4.0,3.0,1.0,1.0,13.0,6.0,2.0,,1.0,,,,,4.0,,3.0,14.0,6.0,5.0,4.0,26.0,4.0,11.0,10.0,2.0,1.0,1.0,1.0,,,4.0,,2.0,2.0,1.0,,,,,2.0,,14.0,1.0,1.0,,2.0,2.0,1.0,11.0,34.0,,4.0,3.0,2.0,6.0,1.0,6.0,7.0,,,4.0,,,,,10.0,,1.0,2.0,1.0,8.0,12.0,,1.0,4.0,,5.0,2.0,1.0,,2.0,,3.0,9.0,1.0,20.0,1.0,1.0,,2.0,5.0,7.0,10.0,2.0,5.0,12.0,7.0,2.0,5.0,3.0,10.0,,,4.0,1.0,24.0,7.0,1.0,2.0,5.0,1.0,3.0,2.0,2.0,,,27.0,18.0,2.0,101.0,62.0,4.0,10.0,,,1.0,,,2.0,,,,,,,,,,3.0,1.0,,,,,,1.0,,,,,,,,1.0,1.0,,,,,,,,,,
JM,,,,,,,,,,1.0,,,,,,,,,,,,,,,,,,,,1.0,1.0,,,,,,,,,,,,,,,,,,,1.0,,,,,,,,,,,,,,,,,,,,,,,1.0,,,,,,,,1.0,,,,,,,,,,,,,,,,,1.0,,,,,,,,,,,,,1.0,1.0,,,,,,,,,,,,,,,,,,,,,,,,,,,1.0,,1.0,4.0,,,,,,2.0,,1.0,,,,,,,,,,1.0,,,,1.0,,,1.0,,,,,,,,,,,,1.0,,,,,,,,,1.0,,,,,,,,,,,,1.0,,1.0,,,,1.0,1.0,,,,,,,,,,,,,,,,,,,,,,,,,
JO,,,,,,,,,,,,,,,,,,,,,,,,,,,,,,,,,,,,,,,,,,,,,1.0,,,,,1.0,,,,,,,,,1.0,,,,,,,,,,1.0,,,1.0,,,,,,,,,,,,,,,,,,,1.0,,,,,,,,,,,1.0,,,,,1.0,,,,,,,,,,,,,,,,,,,,,,,,,,,,,,,,,,,,,,,,,,,,,,,,,,,,,,,,,,,,,,,,,,,,,,,,,,,,,,1.0,,,,,,,,,,,,,,,,,,,,,,,,,,,,,,,,,,,,,,,,,,,,,,,
JP,,,7.0,5.0,7.0,11.0,,,15.0,41.0,1.0,1.0,,1.0,,1.0,,,,1.0,1.0,7.0,3.0,14.0,7.0,21.0,7.0,1.0,2.0,18.0,136.0,,2.0,,2.0,,,1.0,,,1.0,6.0,,,5.0,1.0,4.0,5.0,9.0,40.0,10.0,36.0,6.0,9.0,,5.0,,5.0,1.0,,,2.0,1.0,1.0,,2.0,2.0,7.0,1.0,2.0,2.0,17.0,5.0,2.0,,7.0,,,4.0,1.0,4.0,14.0,,42.0,24.0,27.0,24.0,53.0,4.0,51.0,38.0,3.0,2.0,,4.0,1.0,,16.0,5.0,4.0,3.0,11.0,1.0,3.0,7.0,1.0,5.0,,15.0,2.0,1.0,1.0,4.0,17.0,13.0,19.0,79.0,4.0,11.0,8.0,1.0,6.0,3.0,5.0,5.0,,1.0,1.0,1.0,,3.0,1.0,11.0,,3.0,2.0,,18.0,13.0,,,9.0,,4.0,1.0,,,3.0,2.0,3.0,12.0,2.0,8.0,1.0,1.0,,11.0,6.0,13.0,24.0,3.0,4.0,8.0,13.0,1.0,,14.0,20.0,1.0,2.0,2.0,2.0,28.0,4.0,1.0,1.0,4.0,2.0,20.0,3.0,5.0,2.0,,25.0,37.0,,41.0,54.0,14.0,10.0,,,4.0,1.0,7.0,9.0,,,,2.0,1.0,,,,2.0,3.0,,,,1.0,1.0,1.0,,,1.0,,4.0,,2.0,,4.0,1.0,,,,,,,1.0,,,
KE,,3.0,1.0,1.0,1.0,,,,2.0,3.0,,,1.0,,,,,,,,,,,,1.0,,,,,1.0,2.0,,,,,,,,,,,,,,,,,,,1.0,,,,,,,,,,,,,,,,,,,,,,,,1.0,,,,,,,,,,1.0,,,,,,1.0,,,,,,,,4.0,,,1.0,,,,,,,,,,1.0,,,,,,,,,,,,,,,1.0,,,,,,,1.0,,1.0,,,,4.0,,,,,,,1.0,,1.0,,,,,1.0,,,,,,,1.0,,1.0,,,,,,,,,,,,1.0,,,,,1.0,,,,,,,,,1.0,,1.0,,,,,,2.0,,,,,,,,,,,,,,,,,,,,,,,,,,,,,,,,,,,,
KH,,,,,,,,,1.0,2.0,,,,,,,,,,,,,,,,1.0,,,,,2.0,,,,,,,,,,,,,,,,1.0,,,,,,,,,,,,,,,,,,,,,,,,,,,,,,,,,,,,,,,,,,1.0,,,,,,,,,,,,,,,,,,,,,,1.0,,,,,,,,,,,,,,,,,,,,,,,,,,,,,,,,,,,,,1.0,,,,,,,,,,,,,,,,,,,1.0,,,,,,,,,,,,1.0,,,,,,,,,,,,,,,1.0,,,,,,,,,,,,,,,,,,,,,,,,,,,,,,,,,,,,,,
KI,,,,,,,,,,,,,,,,,,,,,,,,,,,,,,,,,,,,,,,,,,,,,,,,,,,,,,,,,,,,,,,,,,,,,,,,,,,,,,,,,,,,,,,,,,,,,,,,,,,,,,,,,,,,,,,,,,,,,,,,,,,,,,,,,,,,,,,,,,,,,,,,,,,,,,,,,,,,,,,,,,,,,,,,,,,,,,,,,,,,,,,,,,,,,,,,,,,,1.0,,,,,,,,,,,,,,,,,,,,,,,,,,,,,,,,,,,,
KR,,,,,,1.0,,,,,,,,,,,,,,,,,,1.0,2.0,,,,,1.0,6.0,,,,,,,,,,1.0,,,,1.0,,,1.0,,1.0,,,2.0,,,1.0,,,,,,,,,,,,,,,,1.0,,,,2.0,,,,,,1.0,,5.0,3.0,2.0,1.0,1.0,,5.0,2.0,,1.0,,1.0,,,1.0,1.0,,1.0,,,1.0,1.0,,1.0,,,,,,,,,,3.0,,2.0,,,,,,,,,,,,,,3.0,,1.0,1.0,,3.0,,,,,,,,,,3.0,,,,,,1.0,,,,,1.0,2.0,,,1.0,4.0,,,,1.0,,,,,,,,,,,,,1.0,,,,1.0,,2.0,4.0,1.0,,,,,1.0,,1.0,,,,,,,,,,,,,,,,,,,,,2.0,,,,,,,1.0,,,,,,,,
KW,,,,,,,,,,,,,,,,,,,,,,,,,,,,,,2.0,,,,1.0,,,,,,,,,,,,,,,,,,,,,,,,,,,,,,,,,,,,,,2.0,1.0,,,,,,,,,,,,3.0,,,,1.0,1.0,,,,,,,,,,,,1.0,,,,,,,,,,,,,,,1.0,,,,1.0,,,1.0,,,,1.0,,,,,1.0,,,,,,,,,,,,1.0,,,,,,,,1.0,,,,,,,,,,,1.0,,,,,,,,,,,,,,,,,,,,,,,1.0,,,,,,,,,,,,,,,,,,,1.0,,,,,,,1.0,,,,,,,,,,,,,,,,,,,
KZ,,,,,,,,,,1.0,,,,,,,,,,,,,,,,,,,,,,,,,,,,,,,,,,,,,,,,1.0,,,,,,,,,,,,,,,,,,,,,,,1.0,,,,,,,,,,,,,,,,,,,,,,,,,,,,,,,,,,,,,,,,,,,1.0,,,1.0,,,,,,,,,,,,,,,,,,,,,,,,,,,,,,,,,,,,,,,,,,,,,,,,,,,,,,,,,,,,,,,,,,,,,,,,,,,,,,,,,,,,,,,,,,,,,,,,,,,,,,,,,,,,,,,,,
LB,,,,,,1.0,,,,,,,,,,,,,,,,,,,,1.0,,,,,,,,,,,,,,,,,,,,,,,,1.0,,,,,,,,,,,,,,,,,,,,,,,,,,,,,,,,,,,,,,1.0,,,,,,,,,,1.0,,,,,,,,1.0,,,,,,,,,,,1.0,,,,,,,,,,,,,,,,,,,,,,,,,,,,,,,,,,,,,,,,,2.0,1.0,,,,,1.0,,,,,,,,,,,,,,,,,,,,,,,1.0,,,,,,,,,,,,,,,,,,,1.0,,,,,1.0,,,,,,,,,,,,,,,,,,,,,
LI,,,,,,,,,,,,,,,,,,,,,,,,,,,,,,,,,,,,,,,,,,,,,,,,,,,,,,,,,,,,,,,,,,,,,,,,,,,,,,,,,,,,,,,,1.0,,,1.0,,,,,,,,,,,,,,,,,,,,,,,,,,,,,,,,,,,,,,,,,,,,,,,,,,,,,,,,,,,,,,,,,,,,,,,,,,,,,,,,,,,,,,,,,,,,,,,,,,,,,,,,,,,,,,,,,,,,,,,,,,,,,,,,,,,,,,,,,,,,,
LK,,,,,,,,,,6.0,,,,,,,,,,,,,,,,,,,,,1.0,,,,,,,,,,,,,,,,,,1.0,,,,,,,,,,,,,,,,,,,,,,,1.0,1.0,,,,,,,,,1.0,,,,,,,,,,,,,,,,,,,,,,,,,,,,,,,,,,,,,,,,,,,,,,,,,,,2.0,,,,,,1.0,,,,,,,,,,,,,,1.0,,,,,2.0,,,,1.0,,1.0,,,,,,,,,,,,,,,1.0,,1.0,,,,,,,,,1.0,,,,,,,,,,,,,,,,,,,,,,,,,,,,,,,,1.0,,,,,,,,,,
LR,,,,,,,,,,,,,,,,,,,,,,,,,,,,,,,,,,,,,,,,,,,,,1.0,,,,,,,,,,,,,,,,,,,,,,,,,,,,,,,,,,,,,,,,,,,,,,,,,,,,,,,,,,,,,,,,,,,,,,,,,,,,,,,,,,,,,,,,,,,,,,,,,1.0,,,,,,1.0,,,,,,,,,1.0,,,,,,,,,,,,,,,,,,,,,,,,,,,,,,,,,,,,,,,,,,,,,,,,,,,,,,,,,,,,,,,,,,,,,,,,,,,
LS,,,,,,,,,,,,,,,,,,,,,,,,,,,,,,,,,,,,,,,,,,,,,,,,,,,,,,,,,,,,,,,,,,,,,,,,,,,1.0,,,,,,,,,,,,,,,,,,,,,,,,,,,,,,,,,,,,,,,,,,,,,,,,,,,,,,,,,,,,,,,,,,,,,,,,,,,,,,,,,,,,,,,,,,,,,,,,,,,,,,,,,,,,,,,,,,,,,,,,,,,,,,,,,,,,,,,,,,,,,,,,,,,,,,,,,,,,,
LT,,,,,,,,,,,,,,,,,,,,,,,,,,,,,,1.0,1.0,,,,,,,,,,,,,,,,,,1.0,,,,,,,,,,,,,,,,,,,,,,,,,,,,,,,,,,,,,,,,1.0,,,,,,,,,,,,,,,,,,,,,,,,1.0,,1.0,,1.0,,,,,,,,,,,,,,,,,,,,,,,,,,,,,,,,,,,,,,,,,,,,,,,,,,,,,,,,,,,,,,,,,,,,,,,1.0,,1.0,,,,,,,,,,,,,,,,,,,,,,,1.0,,,,,,,,,,,,,,,,,,,
LU,,,,,,,,,,,,,,,,,,,,,,,,,,,,,,,1.0,,,,,,,,,,,,,,,,,,,1.0,,,,,,,,,,,,,,,,,,,,,,,,,,,,,,,,,,1.0,,,,,,,,,,,,,,,,,,,,,,,,,,,,,,,,,1.0,,,,,,,,,,,,,,,,,,,,,,,,,,,,,,,,,,,,,,,,1.0,,,,,,,,,,,,,,,,,,,,,,,,,,,,,,,,,,,,,,,,,,,,,,,,,,,,,,,,,,,,,,,,,,,,,,,,,,,
LV,,,,,,1.0,,,,,,,,,,,,,,,,,,,,,,,,,1.0,,,,,,,,,,,,,,,,,,,3.0,,,,,,,,,,,1.0,,,,,,,,,,,,,,,,,,,,,,,1.0,,,,,,,,,,,,,,,,,,,,,,,,,,,,,,,,,1.0,,,,,,,,,,,,,,,,,,,,1.0,,,,,,,,,,,,,,,,,,,,,,,,,,,,,,,,,,,,,,,,,,,,,,,,,,,1.0,,,,,,,,,,,,,,,,,,,,,,,,,,,,,,,,,,2.0,,,,,,,,,,
LY,,,,,1.0,,,,1.0,1.0,,,,,,,,,,,,,,,,,,,,,,,,,,,,,,,,,,1.0,,,,,,,,,,2.0,,,,,,,,,,,,,,,,,,,,,,,,,,,1.0,,,,1.0,,,2.0,,,,,,,,,,,,,,,,,,,,,,,,,,,,,,,,,,,,,,,,1.0,,,,,,,,,,,,,,,,,,,,1.0,,2.0,,,,,,,,,,,,,,,,,,,,,,,1.0,,,,,,,,,,,,,,,,,,,,,,,,,,,,,,,,,,,,,,,,,,,,,,,,,,,,,,,,,,,
MA,,3.0,1.0,2.0,,2.0,,,,5.0,,,,,,,,,,,,,,,,,,,,1.0,1.0,,,,,,,,1.0,,,1.0,,,,,,,,,,,,,,,,,,,,,,,,,,,,,,,,,,1.0,,,,,,1.0,,2.0,,,,2.0,,,2.0,1.0,,,1.0,,,1.0,,1.0,,,,1.0,,,1.0,,,,,,,,,2.0,1.0,,,,,,,,,,,,,,,,,,,,,,,,,,,,,,,,,,,,1.0,,,,,,,,,1.0,,,,,,,,,,,1.0,,,1.0,,,,,,,,,,,,2.0,,,,,,,,,,,,,,,,,,,,,,,,,1.0,,,,,,,,,,,,,,,,,,,
MG,,,,,,,,,,1.0,,,,,,,,,,,,,,,,,,,,,,,,,,,,,,,,,,,,,,,,,,,,,,,,,,,,,,,,,,,,,,,,,,,,,,,,,,,,,,,,,,,,,,,,,,,,,,1.0,,,,,,,,,,,,,,,,,,,,,,,,,,,,,,,,,,,,,,,,,,,,,,,,,,,,,,,,,,,,,,,,,,,,,,,,,,,,,,,,1.0,,,,,,,,,,,,,,,,,,,,,,,,,,,,,,,,,,,,,,,,,,,,,,,,
MK,,,,,,,,,,,,,,,,,,,,,,,,,1.0,,,,,,1.0,,,,,,,,,,,,,,,,,,,,,,,,,,,,,,,,,,,,,,,,,,1.0,,,,,,,,,,,,,,,,,,,,,,,,,,1.0,,,,,,,,,,,,,,,,,,,,,,,,,,,,,,,,,,,,,,,,,,,1.0,,,,,,,,,,,,,,,,,,,,,1.0,,,,,,,,,,,,,,,,,,,,,,1.0,,,1.0,,,,,,,,,,,,,,,,,,,,,,,,,,,,,,,,,,,,,,,,,,,,
ML,,,,,,,,,,,,,,,,,,,,,,,,,,,,,,,,,,,,,,,,,,,,,,,,,,,,,,,,,,,,,,,,,,,,,,,,,,,,,,,,,,,,,,,,,,,,,,,,,,,,,,2.0,,,,,,,1.0,,,,,,,,,,,,,,,,,,,,,,,,,,,,,,,,,,,,,,,,,,,,,,,,,,,,,1.0,,,,,,,,,,,,,,,,,,,,,,,,,,,,,,,,,,,,,,,,,,,,,,,,,,,,,,,,,,,,,,,,,,,,,,
MM,,,,,,,,,,,,,,,,,,,,,,,,,,,,,,,,,,,,,,,,,,,,,,,,,,,,,,,,,,,,,,,,,,,,,,,,,,,,,,,,,,,,,,,,,,,1.0,,,,,,,,,,,,,,,,,,,,,,,,,,,,,,,,,,,,,,,,,,,,,,,,,,,,,,,1.0,,,,,,,,,,,,,,,,,1.0,,,,,1.0,,,,,,,,,,,,,,,,1.0,,,,,,,,,,,,,,,,,,,,,,,,,,,,,,,,,,,,,,,,,,,,,,,,
MN,,1.0,1.0,,,,,,,,,1.0,,,,,,,,,,,,,,,,,,,,,,,,,,,,,,,,,,,,,,,,,,,,,,,,,,,,,,,,,,,,,,,,,,,,,,,,,,,,,,,,,,,,,,,,,,,,,,,,,,,,,,,,,,,,,,1.0,,,,,,,,,,,,,,,,,,,,,,,,,,,,,,,,,,,,,,,,,,,,,,,,,,,,,,,,,,,,,,,,,,,,,,,,,,,,,,,,,,,,,,,,,,,,,,,,,,,,,,,,,,,,,,
MQ,,,,,,,,,,,,,,,,,,,,,,,,,,,,,,,,,,,,,,,,,,,,,,,,,,,,,,,,,,,,,,,,,,,,,,,,,,,,,,,,,,,,,,,,,,,,,,,,,,,,,,,,,,,,,,,,,,,,,,,,,,,,,,,,,,,,,,,,,,,,,,,,,,,,,,,,,,,,,,,,,,,1.0,,,,,,,,,,,,,,,,,,,,,,,,,,,,,,,,,,,,,,,,,,,,,,,,,,,,,,,,,,,,,,,,,,,,,
MT,,,,,,,,,,,,,,,,,,,,,,,,,,,,,,,,,,,,,,,,,,,,,,,,,,,,,,,,,,,,,,,,,,,,,,,,,,,,,,,,,,,,,,,,,,,,,,,,,,,,,,,,,,,,,,,,,,,,,,,,,,,,,,,,,,,,,,,,,,,,,,1.0,,,,,,,,,,,,,,,,,,,,,,,,,,,,,,,,,,,,,,,,,,,,,,,,,,,,,,,,,,,,,,,,,,,,,,,,,,,,,,,,,,,,,,,,,,
MU,1.0,,,,,,,,,1.0,,,,,,,,,,,,,,,,,,,,,,,,,,,,,,,,,,,,,,,,,,,,,,,,,,,,,,,,,,,,,,,,,,,,,,,,,,,,,,,,,,,,,,,,,,,,,1.0,,,,,,,,,,,,,,,,,,,,,,,,,,,,,,,,,,,,,,,,,,,,,,,,,,,,,,,,,,,,,,,,,,,,,,,,,,,,,,,,,,,,,,,,,,,,,,,,,,,,,,,,,,,,,,,,,,,,,,,,,,,,,,,,,
MW,,,,,,,,,,,,,,,,,,,,,,,,,,,,1.0,,,,,,,,,,,,,,,,,,,,,,,,,,,,,,,,,,,,,,,,,,,,,,,,,,,,,,,,,,,,,,,,,,,,,,,,,,,,,,,,,,,,,,,,,,,,,,,,,,,,,,,,,,,,,,,2.0,,,,,,,,,,,,,,,,,,,,,,,,,,,,,,,,,,,,,,,,,,,,,,,,,,,,,,,,,,,,,,,,,,,,,,,,,,,,,,,,,,,,,,,,,,,,,
MX,,,3.0,1.0,,1.0,,,,4.0,1.0,,,,,1.0,1.0,,,,,1.0,,2.0,,2.0,,,,2.0,4.0,,,,,,,,,,,1.0,,,1.0,,,,,7.0,1.0,2.0,,1.0,,,,,,,,,,,,1.0,,1.0,,,,2.0,2.0,1.0,,1.0,,,,,,1.0,,2.0,,3.0,4.0,1.0,1.0,2.0,1.0,2.0,,,,,,,,,1.0,1.0,,,,,,,,1.0,1.0,,1.0,,1.0,2.0,5.0,,2.0,,,,,2.0,2.0,,,2.0,,,,,1.0,,,2.0,,2.0,4.0,,,1.0,,1.0,,,,,,,1.0,,,2.0,,,,2.0,2.0,1.0,,4.0,1.0,,,1.0,1.0,,,,,,6.0,4.0,,1.0,,,2.0,,1.0,,,5.0,2.0,1.0,4.0,8.0,,4.0,,1.0,,1.0,,1.0,1.0,,,,,,,,,,,1.0,,,2.0,3.0,,,,,,,,,,,,,,,,,,,,
MY,,1.0,,,,,,,,2.0,,,,,,,,,,,,,,,,,,,,2.0,2.0,,,,,,,,,,,,,,,1.0,,,,4.0,,1.0,,1.0,,1.0,,,,,,,1.0,,,,,,,,,,,,,1.0,,,,,1.0,,,,1.0,,,1.0,1.0,2.0,,,,,,,,1.0,,,,,,,,,2.0,,,,,,,,,,2.0,,,,,,,,,,1.0,,,,,,,,,,,1.0,,,,1.0,,,,,,,,,,,,,,,,,,,,,,2.0,,,,,1.0,,,,1.0,,,1.0,,,1.0,,,,,,,,,,,,,,,,,1.0,,,,,1.0,,,,,,,,1.0,,,,,,,,,,,,,,,,,,,,,,,
MZ,,,,,,,,,,,,,,,,,,,,,,,,,,,,,,,,,,,,,,,,,,,,,,,,,,,,,,,,,,,,,,,,,,,,,,,,,,,,,,,,,,,,,,,,,,,,,,,,,,,,,,,,,1.0,,,,,,,,1.0,,,,1.0,,,,,,,,,,,,,,,,,,,,,,,,,,,,,,,,,,,,,,,,,,,,,,,,,,,,,,,,,,,,,,,,,,,,,,,,,,,,,,,,,,,,,,,,,,,,,,,,,,,,,,,,,,,,,,,,,,,
NC,,,,,,,,,,,,,,,,,,,,,,,,,,,,,,,,,,,,,,,,,,,,,,,,,,,,,,,,,,,,,,,,,,,,,,,,,,,,,,,,,,,,,,,,,,,,,,,,,,,,,,,,,,,,,,,,,,,,,,,,,,,,,,,,,,,,,,,,,,,,,,,,,,,,,,,,,,,,,,,,,,,,,,,,,,,,,,,,,1.0,,,,,,,,,,,,,,,,,,,,,,,,,,,,,,,,,,,,,,,,,,,,,,,,,,,,,,,
NE,1.0,,,,3.0,,,,,,,,,,,,,,,,,,,,,,,,,,,,,,,,,,,,,,,,,,,,,,,,,,,,,,,,,,,,,,,,,,,,,,,,,,,,,,,,,,,,,,,,,,,,,,,,,,,,,1.0,,,,,,,,,,,,,,,,,,,,,,,,,,,,,,,,,,,,,,,,,,,,,,,,,,,,,,,,,,,,,,,,,,,,,,,,,,,,,,,,,,,,,,,,,,,,,,,,,,,,,,,,,,,,,,,,,,,,,,,,,,,,,,
NG,,2.0,2.0,3.0,2.0,4.0,1.0,,1.0,5.0,,,,,,,,,,,,,,,,,,,,1.0,2.0,,,,,,,,,,,1.0,,,1.0,,1.0,,2.0,2.0,,,2.0,,,1.0,,,,,,,,,,1.0,,2.0,,,,1.0,2.0,3.0,,,,,,,,,1.0,,1.0,,,1.0,,3.0,1.0,1.0,,,,,,1.0,,,5.0,,,5.0,1.0,,,,1.0,2.0,,,,,2.0,,,,,,1.0,,,,1.0,,,1.0,,,,,,,,,,2.0,1.0,,,2.0,1.0,,,,,,,,,,1.0,,,,1.0,2.0,,1.0,,1.0,1.0,,,,,1.0,,,1.0,,,,,1.0,,,2.0,,3.0,,,,,,,1.0,1.0,,,,,,,,,,,,,,,,,,,,,,,,,,,,,,,,,1.0,,,,,,,,,,
NI,,,,,,,,,,,,,,,,,,,,,,,,,,,,,,,,,,,,,,,,,,,,,,,,,,,,,,,,,,,,,,,,,,,,,,,,1.0,,,1.0,,,,,,,,,,,,,,,,,,,,,,,,,,,,,,,1.0,,,,,,,,,,,,,,,,,,,,,,,,,,,,,,,,,,,,,,,,,,,,,,,,,,,,,,,,,,,,,,,,,,,,,,,,,,,,,,,,,,,,,,,,,,,,,,,,,,,,,,,,,,,,,,,,,,,,,,,,,,,,,,
NL,1.0,2.0,3.0,,4.0,4.0,,1.0,3.0,22.0,1.0,1.0,2.0,1.0,,,1.0,1.0,1.0,,,4.0,3.0,2.0,7.0,8.0,1.0,,1.0,13.0,66.0,,1.0,,1.0,2.0,,,2.0,,,1.0,,1.0,2.0,,1.0,1.0,4.0,13.0,3.0,22.0,8.0,12.0,,5.0,,2.0,,,,2.0,2.0,,,4.0,2.0,5.0,1.0,,,4.0,,,,4.0,1.0,,,,1.0,4.0,,12.0,3.0,10.0,6.0,12.0,2.0,4.0,10.0,5.0,,,,,,6.0,2.0,2.0,4.0,6.0,2.0,2.0,1.0,1.0,,,9.0,1.0,1.0,,,1.0,,8.0,21.0,,1.0,3.0,2.0,11.0,,1.0,5.0,1.0,4.0,2.0,2.0,,1.0,2.0,27.0,,,2.0,1.0,5.0,8.0,,,3.0,,5.0,1.0,1.0,,2.0,,,4.0,,8.0,5.0,1.0,,2.0,5.0,7.0,7.0,,3.0,10.0,4.0,1.0,2.0,1.0,9.0,,1.0,,,16.0,5.0,,4.0,,,10.0,,4.0,1.0,,26.0,14.0,,44.0,22.0,6.0,11.0,,1.0,1.0,4.0,,2.0,,1.0,,1.0,,,,,,1.0,,,1.0,,1.0,,2.0,2.0,,,1.0,,1.0,1.0,2.0,2.0,,,,,,,,,,
NO,,2.0,4.0,3.0,4.0,,,,,2.0,,,,,,,,,,,,,,1.0,3.0,,1.0,,,1.0,8.0,,,,1.0,1.0,,,,,,,,,1.0,,,,4.0,7.0,,6.0,4.0,1.0,,1.0,,1.0,1.0,,1.0,,,,1.0,1.0,,3.0,,,,7.0,3.0,,,1.0,,,,,1.0,1.0,,3.0,4.0,1.0,,1.0,1.0,8.0,,2.0,,,,,,4.0,1.0,,2.0,1.0,,1.0,1.0,,1.0,,3.0,2.0,,,,,,,5.0,,,1.0,1.0,,,,3.0,,,,,,,1.0,2.0,,1.0,3.0,,,3.0,,,1.0,,4.0,,,,1.0,,,,,2.0,,,,,,2.0,1.0,,,2.0,3.0,,2.0,2.0,5.0,,1.0,,,,3.0,,1.0,,1.0,3.0,1.0,4.0,,,3.0,1.0,,11.0,10.0,4.0,,,,2.0,,1.0,1.0,,,,2.0,,,,,,1.0,,,,,,,1.0,,,,2.0,,,,1.0,,,,,,,,,,,
NP,,,,,,,,,,,,,,,,,,,,,,,,,,,1.0,,1.0,1.0,1.0,,,,,,,,,,,,,,,,,,,,,,,,,,,,,,,,,,,,,,,,,,,,,,,,,,,,,,,,,,,1.0,,,,,,,,,,,,,,,,,,,1.0,,,,,,,,,,,,,,,,,,,1.0,,,,,,,,,,,1.0,,,,,,,,,2.0,,,,,2.0,,,,2.0,,,,,1.0,,,,,,,,,,,,1.0,,,,,1.0,,,,,,,,1.0,,,,,,,,,,,,,,,,,,1.0,,,,,,,,,,,,,,,,,,,,,,,,,,,
NZ,,,,,6.0,,,,1.0,6.0,,1.0,1.0,,,,1.0,,,,,,,,,4.0,,,1.0,2.0,7.0,,,,,,,,,,1.0,,,,1.0,,,1.0,,2.0,,6.0,7.0,2.0,,,,1.0,1.0,,,1.0,,,,1.0,1.0,2.0,,,,1.0,1.0,2.0,,1.0,,,,,2.0,2.0,,6.0,5.0,1.0,1.0,2.0,1.0,2.0,2.0,1.0,,1.0,,,,5.0,2.0,2.0,2.0,,1.0,,2.0,,1.0,,1.0,,1.0,,,,,,2.0,,,,,,,,,,,8.0,,,,,,,,,,2.0,6.0,,,,,1.0,,,1.0,2.0,,,,,2.0,,,,1.0,1.0,1.0,2.0,,2.0,3.0,1.0,,1.0,1.0,4.0,,,,,2.0,2.0,,,,1.0,,,1.0,,,3.0,,,1.0,4.0,,1.0,,,1.0,1.0,,,,,,2.0,,,,1.0,,3.0,1.0,,,,1.0,,1.0,,,,,,,,1.0,1.0,,2.0,,,1.0,,,,,
OM,,,,,,,,,,,,,,,,,,,,,,,,,,,,,,,,,,,,,,,,,,,,,,,,,,,,,,,,,,,,,,,,,,,,,,,,,,,,,,,,,,,,,,,,,,,,,,,,,,,,,,,,,,,,,,,,,,,,,,,,,,,,,,,,,,,,,,,,,,,,,,,,,,,,,,,,,,,,,1.0,,,,,,,,,,,,,,,,,,,,,,,,,,,,,,,,,,,,,,,,,,,,,,,,,,,,,,,,,,,,,,,,,,,,,,,,,,,
PA,,,,,,,,,,,,,,,,,,,,,,,,,,,,1.0,,,,,,,,,,,,,,,,,,,,,,,,,,,,,,,,,,,,,,,,,,,,,,,,,,,,,,,,,,,,,,,,,,,,,,,,,1.0,,,1.0,,,,,,,,,,,,,,,,,,,,,,,,,,,,,,,,,,,,,,,,,1.0,,,,,,,,,,,,,,,,,1.0,,,,,,,,,,,1.0,,,,,,,,,,,,,,,,,,,,,,,,,,,,,,,,,,,,,,,,,,,,,,,,,,,,,,,,,,,
PE,,,,,,2.0,,,1.0,16.0,1.0,,,,,,,,,,,,,,,1.0,,,,2.0,,,,,,,,,,,,,,,,,,,,,,,1.0,,,,,,,,,,,,,,,,,,,,2.0,,,,,,,,,,,,,,,,,,,,,,,,,,,,,,,,,,,,,,,,,,,,,,,,,,,,,,,,,,,,,,,,,1.0,,,,,,,,,,,,,,,,,,,,,,,,,,,,,,,,,,,,,,,,,,,,,,1.0,,,,,,,,,,,,,,,,,,,,,,1.0,,,,,,,,,,,2.0,,,,,,,,,,,,,,,
PG,,,,,,,,,1.0,,,,,,,,,,,,,,,,,,,,,3.0,3.0,,,,,,,,,,,,,,,,,,,,1.0,,,,,,,,,,,,,,,,,1.0,,,,,,,,,,,,,,,,,,,,,,1.0,,,,,,,,,,,,1.0,,,,,,,,,,,,,,,,,,,,,,,,,,,,,,,,,,,,,1.0,,,,,,,,,,,,,,,,,,,,,,,2.0,,,,,,,,,,,,1.0,,,,,,,,,,,,,,,,,,,,,,,,,,,2.0,,,,,,,,,,,,,,,,,,,,,,,,,,,,,,,
PH,,,,,,,,,1.0,7.0,3.0,,,1.0,,,,,,,,1.0,,,,,,,,,1.0,,,,,,,,,,,,,,,,,,,,,,,,,,,,,,,,,,,,,,,,,,1.0,,,,,,,,,,,,,,,,,,,,,1.0,,,,,,1.0,,,,,,,,,,,1.0,,,1.0,,,,,,,,,,,,,,,,,,,,,,,,,1.0,,,,,,,,,,,,,,,,,,,,,,,1.0,,,,,,,,,,,,,,,,,1.0,,,,,,,,,,,,,,1.0,,,,,,,,,,,,,,,,,,,,,,,,,,,,,,,,1.0,,,,,,,
PK,,,,,2.0,1.0,,,1.0,1.0,,,,,,,,,,,,,,,,,,,,,2.0,,,,,,,,,,,,,,,,,1.0,,,,,,,,,,,,,,,,,,,,,,,,2.0,,,,,,,,,,2.0,,1.0,,2.0,,1.0,,1.0,1.0,,,,,,,1.0,,1.0,,,,,,,,,,,,,,,,,7.0,,,,1.0,,,,,,,,,,,,2.0,,,,,2.0,1.0,,,,,,,,,2.0,,,1.0,,,,,,,,1.0,,2.0,1.0,,,,,,,,,,,,1.0,,,1.0,,,,1.0,,,1.0,1.0,,1.0,,1.0,,,,,,,,,,,1.0,,,,,,,,,,,,,,,,,,,,,,1.0,,,,,,,,,1.0,
PL,,,3.0,,2.0,,,,,6.0,,,,,,,,,,,,2.0,2.0,3.0,3.0,1.0,3.0,,,3.0,36.0,,,,,,,,,,1.0,2.0,,1.0,2.0,,2.0,2.0,9.0,16.0,5.0,15.0,5.0,3.0,1.0,3.0,,,1.0,,1.0,,,,,1.0,1.0,,,,,1.0,2.0,,,1.0,1.0,,,,3.0,3.0,,12.0,7.0,8.0,2.0,19.0,1.0,13.0,9.0,,,1.0,1.0,,,4.0,1.0,,1.0,,,,1.0,1.0,1.0,,5.0,2.0,,,,2.0,2.0,8.0,37.0,2.0,5.0,3.0,2.0,4.0,,2.0,4.0,,,1.0,,,1.0,,4.0,,,1.0,1.0,1.0,2.0,,,,,,,1.0,,,,2.0,,,,,,,1.0,1.0,3.0,6.0,1.0,1.0,3.0,3.0,,1.0,,3.0,,,,,5.0,2.0,,2.0,2.0,,3.0,,2.0,1.0,,10.0,15.0,,26.0,33.0,5.0,3.0,,,,,,1.0,,,,1.0,,,,,,,,1.0,,,,,1.0,,,,,,1.0,,,1.0,,,,,,,,,,
PR,2.0,,,,1.0,,,,,,1.0,,,,,,,,,,,,,,,1.0,1.0,,,,5.0,,,,,,,,,,,,,,,,,,,3.0,5.0,,,,,,,,,,,,,,,,,1.0,,,,1.0,,,,,,,,,,1.0,,2.0,1.0,1.0,,,,,1.0,1.0,,,,,,1.0,,,,,1.0,3.0,,,,,1.0,,,,,,,,,,,,,,,,,,,,,,,,1.0,1.0,,,2.0,,,,,,,,,,,,,,,,,,,,1.0,,1.0,,2.0,,1.0,,,,,1.0,,,,,1.0,,,,1.0,,1.0,,,,,1.0,,,,2.0,,,,,1.0,,,,,,,,,,,,,2.0,,,,,,,,,,,1.0,,,,,2.0,,1.0,,,,,,,,
PT,,,,,,,,,,2.0,,,,,,,,,,,,1.0,,,1.0,,,,,,2.0,,,,,,,,,,1.0,,,,1.0,,,,,5.0,,2.0,,,,1.0,,,,,,,,,,,,,,,,,,,,,,,,,,,,1.0,,1.0,,,,,,,,,,,,1.0,,,,,,,,,,,1.0,,1.0,,,,,,3.0,,,,,,,,1.0,,,,,,,,,,,,,,1.0,,,,,,,,,,,,,,,,,,,,,,,2.0,,,,1.0,,,,,,,1.0,1.0,,,,,,,,,,2.0,1.0,,2.0,3.0,1.0,,,,,,,,,,,1.0,,,,,,1.0,,,,,,,,,,,,,,,,,,,,,,,,,,
PY,,,,,,,,,,,,,,,,,,,,,,,,,,,,,,,1.0,,,,,,,,,,,,,,,,,,,1.0,,,,,,,,,,,,,,,,,,,,,,,,,,,,,,,,,,,,,,,,,,,,,,,,,,,,,,,,,,,,,,,,,,,,,,,,,,,,,,,,,,,,,,,,,,,,,,,,,,,,,,,,,,,,,,,,,,,,,,,,,,,,,,,,,,,,,,,,,,,,,,,,,,,,,,,,,,,,,,,,,,,,,,,,,,,,,,,,,,,,,,
QA,,,,,,,,,,,,,,,,,,,,,,,,,,,,,,,,,,,,,,,,,,,,,,,,,,,,,,,,,,,,,,,,,,,,,,,,,,,,,,,,,,,,,,1.0,,,,1.0,,,,,,,,,,,,1.0,,,,,,,,,,,,,,,,,,,,,,,,,,,,,,,1.0,,,,,,,,,,,,,,,,,,,,,,,,,,,,,,1.0,,,,,,,,,,,,,,1.0,,,,,,,,,,,,,,,,,,,,,,,,,,,,,,,,,,1.0,,,,,,,,,,,1.0,,,,,,,,,,
RO,,,,,,,,,,,,,,,,,,,,,,,,,,,,,,,1.0,,,,,,,,,,,,,,,,,,1.0,1.0,,,,,,1.0,,,1.0,,,,,,,,,,,1.0,,,,,,,,,,,,,,2.0,,1.0,4.0,,,2.0,3.0,,,,,,,,,,,,,,,,,,,,,,,,,1.0,2.0,,,,,,,1.0,,,,,,,,,,,,,,,,,,,,,,,,,,,,,,,,,,,2.0,,,,,,,,,,,,,,,,,,,,,,,,,,,,1.0,2.0,3.0,,,,,,,,,,,,,,,,,,,,,,,,,,,,1.0,,,,,,,,,,,,,,,
RS,,,,,1.0,,,,,1.0,,,,,,,,,,,,,,,,1.0,1.0,,,1.0,4.0,,,,,,,,,,,,,,,,,,,,1.0,5.0,,,,,,,,,,,,,,,,,,1.0,,,1.0,,,,,,,,,,,,,,1.0,2.0,,,1.0,,,,,,,,,,,,,,,1.0,,,,,,,,,,2.0,,,1.0,,,,,2.0,,,,,,,,,,,,,,,,,,,,,,,,,,,,,1.0,,,,,,,1.0,,,,,,,,,,,,,,,,,,,,,,,,1.0,3.0,,1.0,4.0,1.0,,,,,,,,,,,,,,,1.0,,,,,,,,,,,,,,,,,,,,,,,,,,,,
RU,,,3.0,1.0,2.0,2.0,1.0,,1.0,9.0,1.0,,,1.0,,,,,,,,1.0,3.0,1.0,4.0,7.0,2.0,,2.0,3.0,41.0,,2.0,1.0,,,,,,,,3.0,,,3.0,,1.0,3.0,9.0,19.0,3.0,10.0,1.0,,,2.0,,,,,1.0,,,,,,,2.0,,1.0,1.0,6.0,1.0,1.0,,,,,,,1.0,4.0,,12.0,1.0,5.0,1.0,26.0,1.0,10.0,8.0,2.0,,1.0,1.0,,,3.0,2.0,,,,,,,2.0,,,3.0,,,,3.0,1.0,1.0,14.0,41.0,1.0,5.0,1.0,2.0,2.0,,1.0,1.0,,,3.0,,,,,1.0,1.0,,,,1.0,3.0,,,1.0,,,,,,,,2.0,,,3.0,,,,1.0,,2.0,5.0,,1.0,4.0,3.0,,,,4.0,,,,,5.0,,,,2.0,,2.0,1.0,,,,39.0,12.0,2.0,39.0,40.0,7.0,1.0,1.0,1.0,1.0,1.0,,,,,,,,,,,,1.0,,,,,,1.0,1.0,,,,,,,,,,1.0,,,,,,,,,
RW,,,,,,,,,,,,,,,,,,,,,,,,,,,,,,,1.0,,,,,,,,,,,,,,,,,,,,,,,,,,,,,,,,,,,,,,,,,,,,,,,,,,,,,,,,,,,,,,,,,,,,,,,,,,,,,,,,,,,,,,,,,,,,,,,,,,,,,,,,,,,,1.0,,,,,,,,,,,,,,,,,,,,,,,,,,,,,,,,,,,,,,,,,,,,,,,,,,,,,,,,,,,,,,,,,,,,,,,,,,,,,,,,,,,,,,,,,,,,,
SA,,,,,,,,,,1.0,,,,,,,,,,,,,,,,,,,,,1.0,,,,,,1.0,,,,1.0,,,,1.0,,,1.0,1.0,,,1.0,,,,,,,,,1.0,,,,,,,,1.0,,,,,,,,,,,,1.0,1.0,,,5.0,2.0,,1.0,,4.0,2.0,1.0,1.0,,,,,1.0,1.0,,,,,,,1.0,,,,,,,,,1.0,1.0,1.0,,,,,1.0,,,,,,1.0,,,,,,,,,,,1.0,,,1.0,,,,,,,,,,1.0,,,,,,,,,,,,,,,2.0,,,,,,,,,,,,2.0,,,,,,,,1.0,3.0,1.0,1.0,,,1.0,,,,,,,,,,,,,,,,,,,,,,,,,,,,,,,,,,,,,,2.0,
SD,,,,,1.0,,,,,1.0,,,,,,,,,,,,,,,,,,,,1.0,1.0,,,,,,,,,,,,,,,,1.0,,,,,,,,,,,,,,,,,,,,,,1.0,,,,,,,,,,,,,,,,,,,1.0,,,2.0,,,,,,,,,,,,,,,,,,,,1.0,,,,,,,,,,,,,2.0,,,,,,,1.0,,,,,,,,3.0,,,,,,,1.0,,,,,,,,,,,,,,1.0,,3.0,,,,,,,,,,,,,,,,,1.0,,1.0,,,,,,,,,,,,1.0,,,1.0,,,,,,,,,,,,,,,,,,,,,,,,,,1.0,,,,,,,,,,
SE,,1.0,4.0,,5.0,4.0,,,2.0,6.0,,1.0,,,,,,,,,,5.0,1.0,2.0,3.0,14.0,2.0,,1.0,13.0,49.0,1.0,1.0,,,,,,,,1.0,,,1.0,1.0,,1.0,1.0,5.0,7.0,2.0,13.0,5.0,1.0,,1.0,,,,,,,,,,,1.0,4.0,,,1.0,1.0,1.0,2.0,,,,,,,2.0,5.0,,12.0,4.0,8.0,7.0,13.0,,6.0,7.0,1.0,1.0,,1.0,,,11.0,1.0,2.0,1.0,4.0,,,,1.0,,,18.0,1.0,,,,,,6.0,7.0,,4.0,8.0,,1.0,,2.0,1.0,,,,,,2.0,,8.0,1.0,1.0,2.0,1.0,6.0,8.0,,,4.0,,4.0,1.0,1.0,,3.0,,1.0,3.0,,15.0,2.0,1.0,1.0,3.0,2.0,7.0,8.0,1.0,6.0,10.0,4.0,,4.0,4.0,5.0,,1.0,4.0,,41.0,6.0,5.0,3.0,1.0,2.0,6.0,,10.0,2.0,,16.0,10.0,,26.0,30.0,5.0,3.0,,,5.0,,1.0,,,,,1.0,,1.0,,,,1.0,,,,,1.0,,1.0,,,,2.0,,,1.0,1.0,,,1.0,,,,,,,,1.0
SG,,,,,1.0,1.0,,,,,,,,,,,,,,,,1.0,,,,,,,,,,,,,,,,,,,,,,,,,,,,,,1.0,,2.0,,,,,,,,,,,,,,,,,,,,,1.0,,,,,,,,,1.0,1.0,3.0,,2.0,,,,,,,,,,1.0,,,,,,,,,1.0,,,1.0,,,,,,,,,,,,1.0,,,,,1.0,,,,,,,,,,,1.0,,,,,,,,,,,,,,,,,,,,,,,,,,,,,,,,,,,,,,1.0,,,,,,,,,,,1.0,3.0,,,,,,,,,,,,,,,,,,,1.0,,,,,,,,,,,,,,,,,,,,,,,,,
SI,,,,,,,,,,,,,,,,,,,,,,,,,,,,,,,3.0,,,,,,,,,,,,,,,,,,2.0,1.0,,2.0,,,,1.0,,,,,,1.0,,,,,,,,,,,,,,,,,,,,,,1.0,3.0,,,2.0,,,,2.0,,,,,,,,,,,,,,,,,,,,,,,,1.0,4.0,,,,,,,,,,,,,,,,,,,,,,,,,,,,,,,,,,,,2.0,,,,,,1.0,,,,1.0,,,,,,,,,,2.0,,,,,,,,,,,,1.0,,,,3.0,,,,,,,1.0,,,,,,,,,,,,,,,,,1.0,,,,1.0,,,,,,,,,,,,,,,
SK,,,2.0,1.0,2.0,1.0,,,,2.0,1.0,,,,,,,,,,,2.0,1.0,4.0,2.0,,1.0,,,1.0,6.0,,,,,,,,,,,1.0,,,,1.0,,,2.0,7.0,,8.0,2.0,4.0,,,,,,,,,,,,1.0,1.0,,,,,5.0,1.0,,,,,,,,1.0,1.0,,3.0,1.0,5.0,1.0,6.0,,5.0,1.0,,,,,,,1.0,,,,1.0,2.0,,1.0,1.0,1.0,,1.0,1.0,1.0,,,,2.0,3.0,6.0,,1.0,,,2.0,1.0,,1.0,,,2.0,,,,,,,,,,1.0,4.0,,,,,,,1.0,,1.0,,,,,1.0,1.0,,,,1.0,,3.0,,3.0,,,,,,2.0,,,,,,,,1.0,1.0,,1.0,,,,,10.0,1.0,,2.0,7.0,,1.0,,,,,,1.0,,,,1.0,,,,,,,1.0,,,,,,,,,,,,,,1.0,,,,,,,,,,,
SL,,,1.0,,1.0,,,,,,,,,,,,,,,,,,,,1.0,,,,,,,,,,,,,,,,,,,,,,,,,,,,,,,,,,,,,,,,,,,,,,,,,,,,,,,,,,,,,,,,,,,,,,,,,,,,,,,,,,,,,,,,,,,,,,,,,,,,,,,,,,,,,,,,,,,,,,,,,,,,,,,,,,,,,,,,,,,,,,,,,,,,,,,,,,,,,,,,,,,,,,,,,,,,,,,,,,,,,,,,,,2.0,,,,,,,,,,,,,,,,,,,,,
SN,1.0,,,,,1.0,,,,1.0,1.0,,,,,,,,,,,,,1.0,,,,,,,,,,,,,,,,,1.0,,,,,,,,,,,,,,,,,,,,,,,,,,,1.0,,,,,,,,,,,,,,,,,,,,1.0,1.0,,,,,,,,,,,,,,,,,,,,1.0,,,,,,,,,,,,,,,,,,,,,,,,,,,,,,,,,,,,,,,,,,,,,,,,,,,,,,,,,,,1.0,,,,,,,,,,,,,,,,,,,,,,,,,,,,,,,,,,,,,,,,,,,,,,,,,,,,,,,,,,,,,,,,
SO,,,,,,,,,,,,,,,,,,,,,,,,,,,,,,,,,,,,,,,,,,,,,,,,,,,,,,,,,,,,,,,,,,,,,,,,,,,,,,,,,,,,,,,,,,,,,,,,,,,,,,,,,,,,,,,,,,,,,,,,,,,,,,,,,,,,,,,,,,,,,,1.0,,,,,,,,,,,,,,,,,,,,,,,,,,,,,,,,,,,,,,,,,,,,,,,,,,,,,,,,,,,,,,,,,,,,,,,1.0,,,,,,,,,,,,,,,,,,,
SS,,,,,,,,,,,,,,,,,,,,,,,,,,,,,,,,,,,,,,,,,,,,,,,,1.0,,,,1.0,,,,,,,,,,,,,,1.0,,1.0,,,,,,,,,,,,,,1.0,,,3.0,2.0,1.0,,,,1.0,,,,,,,,,,,,,,,,,,,,,,,,,,3.0,,,,,,,,,,,,,,,,,,,,,,,,,,,,,,,,,,,,,,,,,,,,,,,,,,,,,,,,,,,,,,,1.0,,,,1.0,,,,,,,,,,,1.0,,,,,,,,,,,,,,,,,,,,,,,,,,,,,,,,,,,,,
ST,,,,,,,,,,,,,,,,,,,,,,,,,,,,,,,,,,,,,,,,,,,,,,,,,,,,,,,,,,,,,,,,,,,,,,,,,,,,,,,,,,,,,,,,,,,,,,,,,,,,,,,,,,,,,,,1.0,,,,,,,,,,,,,,,,,,,,,,,,,,,,,,,,,,,,,,,,,,,,,,,,,,,,,,,,,,,,,,,,,,,,,,,,,,,,,,,,,,,,,,,,,,,,,,,,,,,,,,,,,,,,,,,1.0,,,,,,,,,,
SY,1.0,,,,,,,,,,,,,,,,,,,,,,,,,,,,,,,,,,,,,,,,,,,,,,,,,,,,,,,,,,,,,,,,,,,,,,,,,,,,,,,,,,,,,,,,,,,,,,,,,,,,,,,,,,,,,,,,,,,,,,,,,,,,,,,,,,,,,,,,,,,,,,,,,,,,,,,,,,,,,,,,,,,,,,,,,,,,,,,,,,,,,,,,,,,,,,,,,,,,,,,,,,,,,,,,,,,,,,,,,,,,,,,,,,,,,,,
SZ,,,,,,,,,,,,,,,,,,,,,,,,,,,,,,,,,,,,,,,,,,,,,,,,,,,,,,,,,,,,,,,,,,,,,,,,,,,,,,,,,,,,,,,,,,,,,,,,,,,,,,,,,,,,,,,,,,,,,,,,,,,,,,,,,,,,,1.0,,,,,,,,,,,,,,,,,,,,,,,,,,,,,,,,,,,,,,,,,,,,,,,,,,,,,,,,,,,,,,,,,,,,,,,,,,,,,,,,,,,,,,,,,,,,,,,,,,,
TG,,,,,,,,,,,,,,,,,,,,,,,,,,,,,,,,,,,,,,,,,,,,,,,,,,,,,,,,,,,,,,,,,,,,,,,,,,,,,,,,,,,,,,,,,,,,,,,,,,1.0,,,,,,,,,,,,,,,,,,,,,,,,,,,,,,,,,,,,,,,,,,,,,,,,,,,,,,,,,,,,,,,,,,,,,,,,,,,,,,,,,,,,,,,,,,,,,,,,,,,,,,,,,,,,,,,,,,,,,,,,,,,,,,,,,,,,,,
TH,,1.0,,,,,,,,2.0,,,,,,,,,,,,,,,,1.0,,,,,4.0,1.0,,,1.0,,,,1.0,,,,,,,,,,,2.0,,,,1.0,,,,,,,,,,,,,,,,,,,,,,,,,1.0,,,,,4.0,4.0,,,1.0,,1.0,2.0,,,,1.0,,,,1.0,1.0,,,1.0,,,,,1.0,2.0,,,,,2.0,,1.0,,,,,,,,,,,,,,,,,,,,1.0,,,,,,2.0,1.0,,,1.0,,,,,,,,1.0,,,2.0,1.0,1.0,2.0,,3.0,,1.0,,,,,,,,,,,,,,,,,,,,,,,1.0,1.0,,,,,1.0,,,,,,,,,,,,,1.0,,,,,,,1.0,,,,,,,,,,,,,,,,,,,
TJ,,,,,,,,,,,,,,,,,,,,,,,,,1.0,,,,,,1.0,,,,,,,,,,,,,,,,,1.0,,1.0,,1.0,,,,,,,,,,,,,,,,,,,,,,,,,,,,,1.0,,,,,,,,,,,,,,,,,,,,,,,,,,,,,,,,,,,,1.0,,,,,,,,,,,,,,,,,,,,,,,,,,,,,,,,,,,,,,,,,,,,,,,,,,,,,,,,,,,,1.0,,,,,,,,,,,,,,,,,,,,,,,,,,,,,,,,,,,,,,,,,,,,,,,,,,,,,,,
TN,,,,,1.0,,,,,,,,,,,,,,,,,,,,1.0,1.0,,,,2.0,,,,,,,,,,,,1.0,,,,,,,1.0,1.0,,,,,,,,,,,,,,,,,,,,,,,,,,,,,,,,,,,,,,1.0,,1.0,,,,,,,,,,,,,,,,,,,,,,,,,,,,,,,,,,,,,,,,,,,1.0,,,,,1.0,,,,,,1.0,,,,1.0,,1.0,,,1.0,,,,,1.0,,1.0,,2.0,,,,,,,,,,,,,,,,,,,,,,1.0,,,,1.0,,,,,,,,,,,,,,,,,,,,,,,,,,,,,,,,,,,,,,,,,1.0,,,
TR,,,,,2.0,1.0,,,,2.0,,,,,,,,,,,,1.0,,,,,,,,,3.0,,,,,,,,,,,,,,,,,,,3.0,,1.0,,1.0,,,,1.0,,,,,,,,,,,,1.0,,1.0,,,,,,,,,,,,3.0,5.0,2.0,,1.0,2.0,1.0,5.0,5.0,1.0,,,,,,,,,,,,,,,,,,,,,,,,1.0,,,,,,,,,,,,,,,,1.0,,,,,,,,,2.0,,,1.0,,,,,,,,1.0,,,,1.0,,2.0,,,,2.0,,,,1.0,2.0,,,,,1.0,,,,,,,,,,,,,,2.0,3.0,,3.0,,,,,,,,,,,,,,,,,,,,,,,,,,,,,,,,,,,,,,,,,,
TT,,,,,,,,,,1.0,,,,,,,,,,,,,,,,,,,,,1.0,,,,,,,,,,,,,,,,,,,,,,,,,,,,,,,,,,,,,,,,,,,,,,,,,,,,,,,,,,,,,,,,,,,,,,,,,,,,,,,,,,,,,,,,,,,,,,,,,,,,,,,,,,,,,,,,,,,,,,,,,,,,,,,,,,,,,,,,,,,,,,,,,,,,,,,,,,,,,,,,,,,,,,,,,,,,,,,,,,,,,,,,,,,,,,,,,,,,,,,,,
TW,,,,,1.0,,,,1.0,1.0,,,,,,,,,,,,,,,1.0,,,,,3.0,5.0,,1.0,,,,,,,,,,,,1.0,,,1.0,,4.0,,3.0,2.0,1.0,,4.0,,,,,,,,,,4.0,,2.0,,,1.0,,2.0,1.0,,,,,,,,1.0,,2.0,2.0,1.0,,4.0,,3.0,4.0,1.0,1.0,,,,,1.0,1.0,,,,,1.0,2.0,,3.0,,3.0,1.0,,,1.0,1.0,,3.0,6.0,,,2.0,,,,,1.0,,,3.0,,,,,1.0,,,,,,1.0,,,,,,,,,1.0,,,,1.0,,,,,,,1.0,,,1.0,,,,,,,,,,,,,,,,,1.0,1.0,,,,1.0,1.0,,1.0,6.0,4.0,,,,,,,,,,,1.0,,,,,,,,,,,,,,,,,,,,,,,,,,,,,,,,
TZ,,2.0,,,,,,,1.0,1.0,,,,,,,,,,,1.0,1.0,,,,2.0,,,1.0,1.0,11.0,,,,,,,,1.0,,,,,,,,,,,,,,,1.0,,,,,,,,1.0,,,,,,,,,,,1.0,,,,1.0,,,,,,,,,,,,,,,,,,,,,1.0,,,,,,,,,,,,,2.0,,,,,1.0,,,,,,,,,,,,,,,,,,,,,,,,,,,,,,,,2.0,,,,,1.0,1.0,,,,,,2.0,,1.0,,,,,,,,,,,3.0,,,,,1.0,1.0,,,,,,,,1.0,,1.0,,,,1.0,,,1.0,,,,,,,,,,,,,,,,,,,,,,,,,,,,1.0,,,,,,,,
UA,1.0,,1.0,,,,,,,,,,,,,,,,,,,,,,,,,,,,2.0,,,,,,,,,,,,,,,,,,,5.0,,,,,,,,,,,,,,,,,,1.0,1.0,,1.0,5.0,,,,,,,,,,1.0,,2.0,,,,,1.0,3.0,3.0,,,,,,,,,,,,1.0,,,,,,,,,,,,,3.0,2.0,,,,,,,,,,,,,,,,,,,,,,,,,,,,,,,,,,,,,,,,,,,,,,,,,,,,,,,,,,,,,,,,,,,2.0,2.0,,2.0,1.0,,,,,,,,,,,,,,,,,,,,,,,,,,,,,,,,1.0,,,,,,,,,,,,
UG,,,,1.0,,,,,,,,,,,,,,,,,,,,,,,,,,,,,,,,,,,,,,,,,,,,,,,,,,,,,,,,,,,,,,,,,,,,,,,,,,,,,,,1.0,,,,,,,,,,,,,,,,,,,,,,,,,,,,,,,,,,,,,,,,,,,,,,,,,,,,,,,,,,,,,,,1.0,,,,,,,,,,,,,,,,,,,,,,,,,,,,1.0,,,,,,,,,,,,,,,,,,,,,,,,,,,,,,,,,,,,,,,,,,,,,,,,,,,,,,,,,,
US,7.0,16.0,38.0,14.0,51.0,31.0,2.0,1.0,37.0,153.0,12.0,5.0,7.0,5.0,1.0,5.0,6.0,1.0,3.0,1.0,3.0,35.0,19.0,21.0,57.0,105.0,30.0,4.0,19.0,124.0,589.0,1.0,9.0,8.0,21.0,7.0,7.0,5.0,12.0,1.0,9.0,9.0,1.0,9.0,29.0,1.0,15.0,19.0,30.0,138.0,54.0,134.0,66.0,109.0,4.0,52.0,2.0,19.0,10.0,2.0,11.0,19.0,1.0,5.0,1.0,44.0,17.0,59.0,16.0,12.0,7.0,98.0,44.0,26.0,21.0,80.0,16.0,1.0,2.0,2.0,22.0,62.0,6.0,151.0,63.0,110.0,77.0,216.0,22.0,142.0,139.0,49.0,13.0,5.0,13.0,1.0,5.0,107.0,21.0,18.0,33.0,32.0,10.0,19.0,23.0,6.0,13.0,,85.0,21.0,11.0,11.0,4.0,25.0,24.0,80.0,199.0,14.0,40.0,34.0,19.0,47.0,24.0,40.0,55.0,4.0,21.0,53.0,1.0,,11.0,5.0,75.0,2.0,6.0,16.0,8.0,67.0,100.0,1.0,7.0,40.0,4.0,33.0,9.0,18.0,2.0,31.0,2.0,21.0,29.0,11.0,74.0,14.0,9.0,3.0,48.0,38.0,55.0,106.0,21.0,60.0,78.0,90.0,5.0,22.0,39.0,103.0,2.0,9.0,7.0,3.0,165.0,64.0,6.0,16.0,15.0,11.0,53.0,19.0,35.0,7.0,2.0,199.0,113.0,4.0,254.0,301.0,51.0,72.0,,11.0,32.0,32.0,19.0,51.0,1.0,2.0,2.0,25.0,3.0,2.0,3.0,2.0,5.0,57.0,7.0,14.0,4.0,3.0,11.0,17.0,25.0,7.0,3.0,2.0,15.0,1.0,3.0,2.0,13.0,30.0,3.0,11.0,2.0,1.0,,1.0,3.0,1.0,5.0,8.0
UY,,1.0,,,,,,,,,,,,,,,,,,,,,,,,,,,,,,,,,,,,,,,,,,,,,,,,,,,,,,,,,,,,,,,,,,,,,,,,,,,,,,,,,,,,,,,,,,,,,,,,,,,,,,,,,,,,,,,,,,,,,,,,,,,,,,,,,,,,,,,,,,,,,,,,,,,,,,,,,,,,,,,,,,,,,,,,,,,,,,,,,,,,,,,,,,,,,,,,,,,,,,,,,,,,,,,,,,,,,,,,,,,,1.0,,,,,,,,,,
UZ,,,,,,,,,,,,,,,,,,,,,,,,,,,,,,,,,,,,,,,,,,,,,1.0,,,,,,,1.0,,,,,,,,,,,,,,,,,,,,,,,,,,,,,,,,,,,,1.0,,,,,,,,,,,,,,,,,,,,,,,,,,,,,2.0,,,,,,,,,,,,,,,,,,,,,,,,,,,,,,,,,,,,,,,,,,,,,,,,,,,,,,,,,,,,,,,,,,,,,,,1.0,,,,,,,,,,,,,,,,,,,,,,,,,,,,,,,,,,,,,,,,,,,,
VA,,,,,,,,,,,,,,,,,,,,,,,,,,,,,,,,,,,,,,,,,,,,,,,,,,,,,,,,,,,,,,,,,,,1.0,,,,,,,,,,,,,,,,,,,,,,,,,,,,,,,,,,,,,,,,,,,,,,,,,,,,,,,,,,,,,,,,,,,,,,,,,,,,,,,,,,,,,,,,,,,,,,,,,,,,,,,,,,,,,,,,,,,,,1.0,,,,,,,,,,,,,,,,,,,,,,,,,,,,,,,,,,,,,,,,,,,,,,,,
VE,,,1.0,,2.0,1.0,,,2.0,4.0,,,,,,,,,,,,,,,,,,1.0,,1.0,4.0,,,,,,,,,,,,,,1.0,,,1.0,,,2.0,1.0,1.0,,,,,,,,,,,,,,,1.0,,,,1.0,1.0,,,,,,,,,1.0,,,,,,4.0,,1.0,1.0,1.0,,1.0,,,,2.0,,,,,,,,,,1.0,,,1.0,,,,,,1.0,,1.0,,,,,1.0,,,,1.0,,,,,2.0,,,,,,1.0,,1.0,,,,,,,1.0,,,,,1.0,,,,,,,1.0,,,,1.0,,,,,,,,,3.0,,,,,,,,,,,1.0,1.0,,,3.0,,,,,,,,,,,,,,,,,,,,,,,,,,,,,,,,,,,,,,,,,,,,
VG,,,,,,,,,,,,,,,,,,,,,,,,,,,,,,,,,,,,,,,,,,,,,,,,,,,,,,,,,,,,,,,,,,,,,,,,,,,,,,,,,,,,,,,,,,2.0,,,,,,,,,,,,,,,,,,,,,,,,,,,,,,,,,,,,,,,,,,,,,,,,,,,,,,,,,,,,,,,,,,,,,,,,,,,,,,,,,,,,,,,,,,,,,,,,,,,1.0,,,,,,,,,,,,,,,,,,,,,,,,,,,,,,,,,,,,,,,,,,,
VI,,,,,,,,,,,,,,,,,,,,,,,,,,,,,,,,,,,,,,,,,,,,,,,,,,,,,,,,,,,,,,,,,,,,,,,,,,,,,,,,,,,,,,,,,,,,,,,,,,,,,1.0,,,,,,,,,,,,,,,,,,,,,,,,,,,,,,,,,,,,,,,,,,,,,,,,,,,,,,,,,,,,,,,,,,,,,,,,,,,,,,,,,,,,,,,,,,,,,,,,,,,,,,,,,,,,,,,,,,,,,,,,,,,,,,,,,,,
VN,,,,1.0,,,,,,,,,,,,,,,,,,1.0,,,2.0,,,,,,3.0,,,,,,,,,,,,,,1.0,,,,1.0,,,1.0,,,,,,1.0,,,,,,,,,,,,,,,,,,1.0,,,,,,,,,,,,,,,,,,,,,,,,,,,,,,,,,,,,,,,,1.0,,,,,,,,,,,,,,,,,2.0,,,,,,1.0,,,,,1.0,1.0,,,1.0,,1.0,,,,,,,,,,,,,,,,,,1.0,,,,,1.0,,,,,,,,1.0,,,,,,,,,,,,,,1.0,,,,,,,,,,,1.0,,,,,,,,,,,,,,,,,,,1.0,,,,,,,
VU,,,,,,,,,,,,,,,,,,,,,,,,,,,,,,,1.0,,,,,,,,,,,,,,,,,,,,,,,,,,,,,,,,,,,,,,,,,,,,,,,,,,,,,,,,,,,,,,,,,,,,,,,,,,,,,,,,,,,,,,,,,,,,,,,,,,,,,,,,,,,,,,,,,,,,,,,,,,,,,,,,,,,,,,,,,,,,,,,,,,,,,,,,,,,,,,,,,,,,,,,,,,,,,,,,,,,,,,,,,,,,,,,,,,,,,,,,,
WS,,,,,,,,,,,,,,,,,,,,,,,,,,,,,,,,,,,,,,,,,,,,,,,,,,,,,,,,,,,,,,,,,,,,,,,,,,,,,,,,,,,,,,,,,,,,,,,,,,,,,,,,,,,,,,,,,,,,,,,,,,,,,,,,,,,,,,,,,,,,,,,,,,,,,,1.0,,,,,,,,,,,,,,,,,,,,,,,,,,,,,,,,,,,,,,,,,,,,,,,,,,,,,,,,,,,,,,,,,,,,,,,,,,,,,,,,,,
YE,,,,,,,,,,,,,,,,,,,,,,,,,,,,,,,,,,,,,,,,,,,,,,,,,,,,,,,,,,,,,,,,,,,,,,,,,,1.0,,,,,,,,,,,,,,,,,,,,,,,,,,,,,,1.0,,,,,,,,,,,,,,,,,,,,,,,,,,,,,,,,,,,,,,,,,,,,,,,,,,,,,,,,,,,,,,,,,,,,,,,,,,,,,,,,,,,,,,,,,,,,,,,,,,,,,,,,,,,,,,,,,,,,,,,,,,,,,,,,
ZA,,,1.0,,2.0,4.0,1.0,,2.0,2.0,,,,,,,,,1.0,,,,,,2.0,6.0,1.0,,,3.0,5.0,,,,,,,,1.0,,,,,,,,2.0,,1.0,1.0,,3.0,,1.0,,,,,,,,,,,,,1.0,,1.0,,,4.0,,,,,,,,1.0,,,,4.0,1.0,1.0,,2.0,1.0,3.0,1.0,,,,,,,9.0,,,3.0,1.0,,2.0,1.0,,1.0,,6.0,,,,,,,,5.0,,,2.0,1.0,2.0,,,3.0,,1.0,3.0,,,,,3.0,,,1.0,,2.0,3.0,,1.0,,,3.0,,,,,,,,1.0,1.0,,,,2.0,3.0,,2.0,,4.0,1.0,2.0,,,,1.0,,,,,3.0,,,,,,1.0,1.0,,,,12.0,1.0,,2.0,2.0,2.0,,,1.0,5.0,,,1.0,,1.0,,1.0,,,,,,1.0,,,,,1.0,,,,,,,,,,,,,,,,,,,,,
ZM,,1.0,,,,,,,,2.0,,,,,,,,,,,,,,,,,,,,,,,,,,,,,,,,,,,,,,,,,,,,,,,,,,,,,,,,,,,,,,,,,,,,,,,,,,,,,,,,,1.0,,,,,,,,,,,,,,,,,,,,,,,,,,,,,,,,,,,,,,,,,,,,,,,,,,,,,,,,,,,,,,,,,,,,,,,,,,,,,,,,,,,,,,,,,,,,,,,,1.0,,,,,,,,,,,,,,,,,,,,,,,,,,,,,,,,,,,,,,,,,,,,,
ZW,,,,,,,,,,,,,,,,,,,,,,,,,,,,,,,1.0,,,,,,,,,,,,,,,,,,,,,,,,,,,,,,,,,,,,,,,,1.0,,,,,,,,,,,,,,,,,,,,,,,,,,,,,,,,,,,,,,,,,,,,,,,,,,,,,,,,,,,,,,,,,,,,,,,,,,,,,,,,,,,,,,,,2.0,,,,,,,,,,,,,,,,,,,,,,,,,,,,,,,,,,,,,,,,,,,,,,,,,,,,,,,,,,,,,,,,,,,,,,,,,
