country,cluster,year
AU,0,1971
BE,1,1971
CA,0,1971
CH,1,1971
DE,1,1971
FR,1,1971
GB,0,1971
IL,1,1971
IN,1,1971
IT,1,1971
JP,1,1971
NL,1,1971
RU,1,1971
SE,0,1971
US,0,1971
AU,0,1972
BE,1,1972
CA,1,1972
CH,1,1972
DE,1,1972
DK,0,1972
FR,1,1972
GB,0,1972
IL,1,1972
IN,1,1972
IT,1,1972
JP,1,1972
NL,1,1972
RU,1,1972
SE,0,1972
US,0,1972
AU,0,1973
BE,0,1973
CA,0,1973
CH,1,1973
CZ,1,1973
DE,1,1973
DK,0,1973
FR,1,1973
GB,0,1973
IL,1,1973
IN,1,1973
IT,1,1973
JP,1,1973
NL,1,1973
RU,1,1973
SE,0,1973
US,0,1973
AU,0,1974
BE,1,1974
CA,0,1974
CH,1,1974
DE,1,1974
DK,0,1974
FR,1,1974
GB,0,1974
IL,1,1974
IN,1,1974
IT,1,1974
JP,1,1974
NL,1,1974
NO,0,1974
PL,1,1974
RU,1,1974
SE,0,1974
US,0,1974
AU,0,1975
BE,0,1975
CA,0,1975
CH,0,1975
DE,0,1975
DK,0,1975
FR,1,1975
GB,0,1975
IL,0,1975
IN,1,1975
IT,0,1975
JP,1,1975
NL,0,1975
NO,0,1975
PL,1,1975
RU,1,1975
SE,0,1975
US,0,1975
AT,0,1976
AU,0,1976
BE,0,1976
BR,0,1976
CA,0,1976
CH,0,1976
DE,0,1976
DK,1,1976
FI,1,1976
FR,0,1976
GB,0,1976
IL,0,1976
IN,0,1976
IT,0,1976
JP,0,1976
NL,0,1976
NO,1,1976
PL,0,1976
RU,0,1976
SE,1,1976
US,0,1976
AT,1,1977
AU,0,1977
BE,1,1977
BR,0,1977
CA,0,1977
CH,1,1977
DE,1,1977
DK,0,1977
FI,0,1977
FR,1,1977
GB,0,1977
IL,1,1977
IN,1,1977
IT,1,1977
JP,1,1977
NL,1,1977
NO,0,1977
NZ,0,1977
PL,1,1977
RU,1,1977
SE,0,1977
US,0,1977
ZA,0,1977
AT,1,1978
AU,0,1978
BE,0,1978
BR,0,1978
CA,0,1978
CH,0,1978
DE,1,1978
DK,0,1978
ES,0,1978
FI,0,1978
FR,1,1978
GB,0,1978
IL,0,1978
IN,1,1978
IT,1,1978
JP,1,1978
NL,1,1978
NO,0,1978
NZ,0,1978
PL,1,1978
RU,1,1978
SE,0,1978
US,0,1978
ZA,0,1978
AT,1,1979
AU,0,1979
BE,1,1979
BR,0,1979
CA,0,1979
CH,1,1979
CZ,1,1979
DE,1,1979
DK,0,1979
ES,0,1979
FI,0,1979
FR,1,1979
GB,0,1979
IL,0,1979
IN,1,1979
IT,1,1979
JP,1,1979
NL,1,1979
NO,0,1979
NZ,0,1979
PL,1,1979
RU,1,1979
SE,0,1979
US,0,1979
ZA,0,1979
AT,1,1980
AU,0,1980
BE,1,1980
BR,0,1980
CA,0,1980
CH,1,1980
CZ,1,1980
DE,1,1980
DK,0,1980
ES,0,1980
FI,0,1980
FR,1,1980
GB,0,1980
HU,1,1980
IL,0,1980
IN,1,1980
IT,1,1980
JP,1,1980
MX,0,1980
NL,1,1980
NO,0,1980
NZ,0,1980
PL,1,1980
RU,1,1980
SE,0,1980
US,0,1980
ZA,0,1980
AT,1,1981
AU,0,1981
BE,0,1981
BR,0,1981
CA,0,1981
CH,1,1981
CN,1,1981
CZ,1,1981
DE,1,1981
DK,0,1981
ES,0,1981
FI,0,1981
FR,1,1981
GB,0,1981
HU,1,1981
IL,0,1981
IN,1,1981
IT,1,1981
JP,1,1981
MX,0,1981
NL,1,1981
NO,0,1981
NZ,0,1981
PL,1,1981
RU,1,1981
SE,0,1981
US,0,1981
ZA,0,1981
AT,0,1982
AU,0,1982
BE,0,1982
BR,0,1982
CA,0,1982
CH,0,1982
CN,1,1982
CZ,1,1982
DE,1,1982
DK,0,1982
ES,0,1982
FI,0,1982
FR,1,1982
GB,0,1982
HU,1,1982
IL,0,1982
IN,1,1982
IT,0,1982
JP,1,1982
MX,0,1982
NL,0,1982
NO,0,1982
NZ,0,1982
PL,1,1982
RU,1,1982
SE,0,1982
US,0,1982
ZA,0,1982
AT,1,1983
AU,0,1983
BE,1,1983
BR,0,1983
CA,0,1983
CH,1,1983
CN,1,1983
CZ,1,1983
DE,1,1983
DK,0,1983
ES,1,1983
FI,0,1983
FR,1,1983
GB,0,1983
HU,1,1983
IL,0,1983
IN,1,1983
IT,1,1983
JP,1,1983
MX,0,1983
NL,0,1983
NO,0,1983
NZ,0,1983
PL,1,1983
RU,1,1983
SE,0,1983
US,0,1983
ZA,0,1983
AR,1,1984
AT,1,1984
AU,0,1984
BE,0,1984
BR,0,1984
CA,0,1984
CH,1,1984
CN,1,1984
CZ,1,1984
DE,1,1984
DK,0,1984
ES,1,1984
FI,0,1984
FR,1,1984
GB,0,1984
HU,1,1984
IL,0,1984
IN,1,1984
IT,1,1984
JP,1,1984
MX,0,1984
NL,0,1984
NO,0,1984
NZ,0,1984
PL,1,1984
RU,1,1984
SE,0,1984
US,0,1984
ZA,0,1984
AR,1,1985
AT,1,1985
AU,0,1985
BE,0,1985
BR,0,1985
CA,0,1985
CH,1,1985
CN,1,1985
CZ,1,1985
DE,1,1985
DK,0,1985
ES,1,1985
FI,0,1985
FR,1,1985
GB,0,1985
HU,1,1985
IL,0,1985
IN,1,1985
IT,1,1985
JP,1,1985
MX,0,1985
NL,0,1985
NO,0,1985
NZ,0,1985
PL,1,1985
RU,1,1985
SE,0,1985
US,0,1985
ZA,0,1985
AR,0,1986
AT,0,1986
AU,0,1986
BE,0,1986
BR,0,1986
CA,0,1986
CH,0,1986
CN,1,1986
CZ,1,1986
DE,1,1986
DK,0,1986
ES,0,1986
FI,0,1986
FR,1,1986
GB,0,1986
GR,1,1986
HU,1,1986
IL,0,1986
IN,1,1986
IT,0,1986
JP,1,1986
MX,0,1986
NL,0,1986
NO,0,1986
NZ,0,1986
PL,1,1986
RU,1,1986
SE,0,1986
TW,1,1986
US,0,1986
ZA,0,1986
AR,0,1987
AT,0,1987
AU,0,1987
BE,0,1987
BR,0,1987
CA,0,1987
CH,0,1987
CN,1,1987
CZ,1,1987
DE,1,1987
DK,0,1987
EG,1,1987
ES,0,1987
FI,0,1987
FR,0,1987
GB,0,1987
GR,1,1987
HU,1,1987
IL,0,1987
IN,1,1987
IT,0,1987
JP,1,1987
KR,0,1987
MX,0,1987
NL,0,1987
NO,0,1987
NZ,0,1987
PL,1,1987
RU,1,1987
SE,0,1987
TW,1,1987
US,0,1987
ZA,0,1987
AR,1,1988
AT,0,1988
AU,0,1988
BE,0,1988
BR,0,1988
CA,0,1988
CH,0,1988
CN,1,1988
CZ,1,1988
DE,1,1988
DK,0,1988
EG,1,1988
ES,0,1988
FI,0,1988
FR,0,1988
GB,0,1988
GR,1,1988
HU,1,1988
IL,0,1988
IN,1,1988
IT,0,1988
JP,1,1988
KR,0,1988
MX,0,1988
NL,0,1988
NO,0,1988
NZ,0,1988
PL,1,1988
RU,1,1988
SE,0,1988
TW,1,1988
US,0,1988
ZA,0,1988
AR,0,1989
AT,0,1989
AU,0,1989
BE,0,1989
BR,0,1989
CA,0,1989
CH,0,1989
CN,1,1989
CZ,1,1989
DE,1,1989
DK,0,1989
EG,1,1989
ES,0,1989
FI,0,1989
FR,1,1989
GB,0,1989
GR,1,1989
HU,1,1989
IL,0,1989
IN,1,1989
IT,0,1989
JP,1,1989
KR,1,1989
MX,0,1989
NL,0,1989
NO,0,1989
NZ,0,1989
PL,1,1989
RU,1,1989
SE,0,1989
TW,1,1989
US,0,1989
ZA,0,1989
AR,0,1990
AT,0,1990
AU,0,1990
BE,0,1990
BR,0,1990
CA,0,1990
CH,0,1990
CN,1,1990
CZ,1,1990
DE,1,1990
DK,0,1990
EG,1,1990
ES,0,1990
FI,0,1990
FR,0,1990
GB,0,1990
GR,1,1990
HU,0,1990
IE,0,1990
IL,0,1990
IN,1,1990
IT,0,1990
JP,1,1990
KR,1,1990
MX,0,1990
NG,0,1990
NL,0,1990
NO,0,1990
NZ,0,1990
PL,1,1990
RU,1,1990
SE,0,1990
TR,0,1990
TW,1,1990
US,0,1990
ZA,0,1990
AR,1,1991
AT,0,1991
AU,0,1991
BE,0,1991
BR,0,1991
CA,0,1991
CH,0,1991
CN,1,1991
CZ,1,1991
DE,1,1991
DK,0,1991
EG,1,1991
ES,0,1991
FI,0,1991
FR,0,1991
GB,0,1991
GR,1,1991
HU,1,1991
IE,0,1991
IL,0,1991
IN,1,1991
IT,0,1991
JP,1,1991
KR,1,1991
MX,0,1991
NL,0,1991
NO,0,1991
NZ,0,1991
PL,1,1991
RU,1,1991
SE,0,1991
SG,0,1991
TR,0,1991
TW,1,1991
US,0,1991
ZA,0,1991
AR,0,1992
AT,0,1992
AU,0,1992
BE,0,1992
BR,0,1992
CA,0,1992
CH,0,1992
CN,1,1992
CZ,0,1992
DE,0,1992
DK,0,1992
EG,1,1992
ES,0,1992
FI,0,1992
FR,0,1992
GB,0,1992
GR,1,1992
HU,0,1992
IE,0,1992
IL,0,1992
IN,1,1992
IT,0,1992
JP,0,1992
KR,1,1992
MX,0,1992
NL,0,1992
NO,0,1992
NZ,0,1992
PL,0,1992
RU,1,1992
SE,0,1992
SG,0,1992
TR,0,1992
TW,1,1992
UA,1,1992
US,0,1992
ZA,0,1992
AR,0,1993
AT,0,1993
AU,0,1993
BE,0,1993
BR,0,1993
CA,0,1993
CH,0,1993
CN,1,1993
CZ,1,1993
DE,1,1993
DK,0,1993
EG,1,1993
ES,0,1993
FI,0,1993
FR,0,1993
GB,0,1993
GR,1,1993
HU,1,1993
IE,0,1993
IL,0,1993
IN,1,1993
IT,0,1993
JP,1,1993
KR,1,1993
MX,0,1993
NL,0,1993
NO,0,1993
NZ,0,1993
PL,1,1993
RU,1,1993
SE,0,1993
SG,1,1993
TR,0,1993
TW,1,1993
UA,1,1993
US,0,1993
ZA,0,1993
AR,0,1994
AT,0,1994
AU,0,1994
BE,0,1994
BR,0,1994
CA,0,1994
CH,0,1994
CN,1,1994
CZ,1,1994
DE,1,1994
DK,0,1994
EG,1,1994
ES,0,1994
FI,0,1994
FR,0,1994
GB,0,1994
GR,1,1994
HU,1,1994
IE,0,1994
IL,0,1994
IN,1,1994
IT,0,1994
JP,1,1994
KR,1,1994
MX,0,1994
NL,0,1994
NO,0,1994
NZ,0,1994
PL,1,1994
RU,1,1994
SE,0,1994
SG,1,1994
TR,0,1994
TW,1,1994
UA,1,1994
US,0,1994
ZA,0,1994
AR,0,1995
AT,0,1995
AU,0,1995
BE,0,1995
BR,0,1995
CA,0,1995
CH,0,1995
CN,1,1995
CZ,1,1995
DE,1,1995
DK,0,1995
EG,1,1995
ES,0,1995
FI,0,1995
FR,0,1995
GB,0,1995
GR,1,1995
HU,0,1995
IE,0,1995
IL,0,1995
IN,1,1995
IT,0,1995
JP,1,1995
KR,1,1995
MX,0,1995
NL,0,1995
NO,0,1995
NZ,0,1995
PL,1,1995
PT,0,1995
RU,1,1995
SA,0,1995
SE,0,1995
SG,1,1995
TR,0,1995
TW,1,1995
UA,1,1995
US,0,1995
ZA,0,1995
AR,0,1996
AT,0,1996
AU,0,1996
BE,0,1996
BG,1,1996
BR,0,1996
CA,0,1996
CH,0,1996
CL,0,1996
CN,1,1996
CZ,1,1996
DE,1,1996
DK,0,1996
EG,1,1996
ES,0,1996
FI,0,1996
FR,0,1996
GB,0,1996
GR,1,1996
HU,0,1996
IE,0,1996
IL,0,1996
IN,1,1996
IT,0,1996
JP,1,1996
KR,1,1996
MX,0,1996
NL,0,1996
NO,0,1996
NZ,0,1996
PL,0,1996
PT,0,1996
RU,1,1996
SA,0,1996
SE,0,1996
SG,1,1996
TR,0,1996
TW,1,1996
UA,1,1996
US,0,1996
ZA,0,1996
AR,0,1997
AT,0,1997
AU,0,1997
BE,0,1997
BG,1,1997
BR,0,1997
CA,0,1997
CH,0,1997
CL,0,1997
CN,1,1997
CO,0,1997
CZ,1,1997
DE,1,1997
DK,0,1997
EG,1,1997
ES,0,1997
FI,0,1997
FR,0,1997
GB,0,1997
GR,1,1997
HK,1,1997
HU,0,1997
IE,0,1997
IL,0,1997
IN,1,1997
IT,0,1997
JP,1,1997
KR,1,1997
MX,0,1997
NL,0,1997
NO,0,1997
NZ,0,1997
PL,1,1997
PT,0,1997
RU,1,1997
SA,0,1997
SE,0,1997
SG,1,1997
TR,0,1997
TW,1,1997
UA,1,1997
US,0,1997
ZA,0,1997
AR,0,1998
AT,0,1998
AU,0,1998
BE,0,1998
BG,1,1998
BR,0,1998
CA,0,1998
CH,0,1998
CL,0,1998
CN,1,1998
CO,0,1998
CZ,1,1998
DE,1,1998
DK,0,1998
EG,1,1998
ES,0,1998
FI,0,1998
FR,0,1998
GB,0,1998
GR,1,1998
HK,1,1998
HR,0,1998
HU,1,1998
IE,0,1998
IL,0,1998
IN,1,1998
IT,0,1998
JP,1,1998
KR,1,1998
MX,0,1998
NL,0,1998
NO,0,1998
NZ,0,1998
PL,1,1998
PT,0,1998
RU,1,1998
SE,0,1998
SG,1,1998
TR,0,1998
TW,1,1998
UA,1,1998
US,0,1998
ZA,0,1998
AR,0,1999
AT,0,1999
AU,0,1999
BE,0,1999
BR,0,1999
CA,0,1999
CH,0,1999
CL,0,1999
CN,1,1999
CO,0,1999
CZ,1,1999
DE,0,1999
DK,0,1999
EG,1,1999
ES,0,1999
FI,0,1999
FR,0,1999
GB,0,1999
GR,1,1999
HK,1,1999
HR,0,1999
HU,0,1999
IE,0,1999
IL,0,1999
IN,1,1999
IR,1,1999
IT,0,1999
JP,1,1999
KR,1,1999
MX,0,1999
NL,0,1999
NO,0,1999
NZ,0,1999
PL,0,1999
PT,0,1999
RU,1,1999
SE,0,1999
SG,1,1999
TR,0,1999
TW,1,1999
UA,1,1999
US,0,1999
ZA,0,1999
AR,0,2000
AT,0,2000
AU,0,2000
BE,0,2000
BG,1,2000
BR,0,2000
CA,0,2000
CH,0,2000
CL,0,2000
CN,1,2000
CO,0,2000
CZ,1,2000
DE,1,2000
DK,0,2000
EG,1,2000
ES,0,2000
FI,0,2000
FR,0,2000
GB,0,2000
GR,1,2000
HK,1,2000
HR,0,2000
HU,1,2000
IE,0,2000
IL,0,2000
IN,1,2000
IR,1,2000
IT,1,2000
JP,1,2000
KR,1,2000
MX,0,2000
NL,0,2000
NO,0,2000
NZ,0,2000
PL,1,2000
PT,1,2000
RU,1,2000
SA,0,2000
SE,0,2000
SG,1,2000
SI,1,2000
TR,0,2000
TW,1,2000
UA,1,2000
US,0,2000
ZA,0,2000
AR,0,2001
AT,0,2001
AU,0,2001
BE,0,2001
BR,0,2001
CA,0,2001
CH,0,2001
CL,0,2001
CN,1,2001
CO,0,2001
CZ,1,2001
DE,1,2001
DK,0,2001
EG,1,2001
ES,0,2001
FI,0,2001
FR,0,2001
GB,0,2001
GR,1,2001
HK,1,2001
HR,0,2001
HU,0,2001
IE,0,2001
IL,0,2001
IN,1,2001
IR,1,2001
IT,0,2001
JP,1,2001
KR,1,2001
MX,0,2001
NL,0,2001
NO,0,2001
NZ,0,2001
PL,1,2001
PT,1,2001
RU,1,2001
SE,0,2001
SG,1,2001
SI,1,2001
TR,0,2001
TW,1,2001
UA,1,2001
US,0,2001
VE,0,2001
ZA,0,2001
AR,0,2002
AT,0,2002
AU,0,2002
BE,0,2002
BG,1,2002
BR,0,2002
CA,0,2002
CH,0,2002
CL,0,2002
CN,1,2002
CO,0,2002
CZ,1,2002
DE,0,2002
DK,0,2002
EG,1,2002
ES,0,2002
FI,0,2002
FR,0,2002
GB,0,2002
GR,1,2002
HK,1,2002
HR,0,2002
HU,0,2002
ID,0,2002
IE,0,2002
IL,0,2002
IN,1,2002
IR,1,2002
IT,1,2002
JP,1,2002
KR,1,2002
MX,0,2002
MY,0,2002
NG,0,2002
NL,0,2002
NO,0,2002
NZ,0,2002
PL,0,2002
PT,1,2002
RO,1,2002
RS,0,2002
RU,1,2002
SA,1,2002
SE,0,2002
SG,1,2002
SI,0,2002
SK,1,2002
TH,0,2002
TR,0,2002
TW,1,2002
UA,1,2002
US,0,2002
VE,0,2002
ZA,0,2002
AR,0,2003
AT,0,2003
AU,0,2003
BE,0,2003
BG,1,2003
BR,0,2003
CA,0,2003
CH,0,2003
CL,0,2003
CN,1,2003
CO,0,2003
CZ,1,2003
DE,0,2003
DK,0,2003
EG,1,2003
ES,0,2003
FI,0,2003
FR,0,2003
GB,0,2003
GR,1,2003
HK,1,2003
HR,0,2003
HU,0,2003
ID,0,2003
IE,0,2003
IL,0,2003
IN,1,2003
IR,1,2003
IT,0,2003
JP,1,2003
KR,1,2003
MX,0,2003
MY,0,2003
NG,0,2003
NL,0,2003
NO,0,2003
NZ,0,2003
PL,0,2003
PT,1,2003
RO,1,2003
RS,0,2003
RU,1,2003
SA,0,2003
SE,0,2003
SG,1,2003
SI,0,2003
TH,0,2003
TR,0,2003
TW,1,2003
UA,1,2003
US,0,2003
VE,0,2003
ZA,0,2003
AR,0,2004
AT,0,2004
AU,0,2004
BE,0,2004
BG,1,2004
BR,0,2004
CA,0,2004
CH,0,2004
CL,0,2004
CN,1,2004
CO,0,2004
CZ,1,2004
DE,0,2004
DK,0,2004
EG,1,2004
ES,0,2004
FI,0,2004
FR,0,2004
GB,0,2004
GR,0,2004
HK,1,2004
HR,0,2004
HU,0,2004
ID,0,2004
IE,0,2004
IL,0,2004
IN,1,2004
IR,1,2004
IT,0,2004
JP,1,2004
KR,1,2004
MX,0,2004
MY,1,2004
NG,0,2004
NL,0,2004
NO,0,2004
NZ,0,2004
PL,0,2004
PT,0,2004
RO,1,2004
RS,0,2004
RU,1,2004
SA,0,2004
SE,0,2004
SG,1,2004
SI,0,2004
SK,1,2004
TH,0,2004
TR,0,2004
TW,1,2004
UA,1,2004
US,0,2004
VE,0,2004
ZA,0,2004
AR,0,2005
AT,0,2005
AU,0,2005
BE,0,2005
BG,1,2005
BR,0,2005
BY,1,2005
CA,0,2005
CH,0,2005
CL,0,2005
CN,1,2005
CO,0,2005
CU,0,2005
CZ,1,2005
DE,0,2005
DK,0,2005
EG,1,2005
ES,0,2005
FI,0,2005
FR,0,2005
GB,0,2005
GR,0,2005
HK,1,2005
HR,0,2005
HU,0,2005
ID,0,2005
IE,0,2005
IL,0,2005
IN,1,2005
IR,1,2005
IT,0,2005
JP,1,2005
KR,1,2005
MX,0,2005
MY,1,2005
NG,0,2005
NL,0,2005
NO,0,2005
NZ,0,2005
PK,0,2005
PL,0,2005
PT,0,2005
RO,1,2005
RS,0,2005
RU,1,2005
SA,0,2005
SE,0,2005
SG,1,2005
SI,0,2005
SK,1,2005
TH,0,2005
TR,0,2005
TW,1,2005
UA,1,2005
US,0,2005
VE,0,2005
ZA,0,2005
AR,0,2006
AT,0,2006
AU,0,2006
BE,0,2006
BG,1,2006
BR,0,2006
BY,1,2006
CA,0,2006
CH,0,2006
CL,0,2006
CN,1,2006
CO,0,2006
CU,0,2006
CZ,1,2006
DE,0,2006
DK,0,2006
DZ,0,2006
EG,1,2006
ES,0,2006
FI,0,2006
FR,0,2006
GB,0,2006
GR,0,2006
HK,1,2006
HR,0,2006
HU,0,2006
ID,0,2006
IE,0,2006
IL,0,2006
IN,1,2006
IR,1,2006
IT,0,2006
JP,1,2006
KR,1,2006
LT,1,2006
MX,0,2006
MY,1,2006
NG,0,2006
NL,0,2006
NO,0,2006
NZ,0,2006
PE,0,2006
PK,0,2006
PL,0,2006
PT,0,2006
RO,1,2006
RS,0,2006
RU,1,2006
SA,0,2006
SE,0,2006
SG,1,2006
SI,0,2006
SK,1,2006
TH,0,2006
TN,0,2006
TR,0,2006
TW,1,2006
UA,1,2006
US,0,2006
VE,0,2006
ZA,0,2006
AR,0,2007
AT,0,2007
AU,0,2007
BE,0,2007
BG,1,2007
BR,0,2007
BY,1,2007
CA,0,2007
CH,0,2007
CL,0,2007
CN,1,2007
CO,0,2007
CU,0,2007
CZ,1,2007
DE,0,2007
DK,0,2007
DZ,0,2007
EG,1,2007
ES,0,2007
FI,0,2007
FR,0,2007
GB,0,2007
GR,1,2007
HK,1,2007
HR,0,2007
HU,0,2007
ID,0,2007
IE,0,2007
IL,0,2007
IN,1,2007
IR,1,2007
IT,1,2007
JP,1,2007
KR,1,2007
LT,1,2007
MA,0,2007
MX,0,2007
MY,1,2007
NG,0,2007
NL,0,2007
NO,0,2007
NZ,0,2007
PE,0,2007
PK,1,2007
PL,0,2007
PT,0,2007
RO,1,2007
RS,0,2007
RU,1,2007
SA,1,2007
SE,0,2007
SG,1,2007
SI,0,2007
SK,1,2007
TH,1,2007
TN,0,2007
TR,0,2007
TW,1,2007
UA,1,2007
US,0,2007
VE,0,2007
ZA,0,2007
AR,0,2008
AT,0,2008
AU,0,2008
BE,0,2008
BG,1,2008
BR,0,2008
CA,0,2008
CH,0,2008
CL,0,2008
CN,1,2008
CO,0,2008
CU,0,2008
CZ,1,2008
DE,0,2008
DK,0,2008
DZ,1,2008
EE,0,2008
EG,1,2008
ES,0,2008
FI,0,2008
FR,0,2008
GB,0,2008
GR,0,2008
HK,1,2008
HR,0,2008
HU,0,2008
ID,0,2008
IE,0,2008
IL,0,2008
IN,1,2008
IR,1,2008
IT,0,2008
JP,1,2008
KR,1,2008
LT,1,2008
MX,0,2008
MY,1,2008
NG,0,2008
NL,0,2008
NO,0,2008
NZ,0,2008
PE,0,2008
PK,1,2008
PL,0,2008
PT,0,2008
RO,1,2008
RS,0,2008
RU,1,2008
SA,0,2008
SE,0,2008
SG,1,2008
SI,0,2008
SK,1,2008
TH,1,2008
TN,0,2008
TR,0,2008
TW,1,2008
UA,1,2008
US,0,2008
VE,0,2008
ZA,0,2008
AR,0,2009
AT,0,2009
AU,0,2009
BD,1,2009
BE,0,2009
BG,1,2009
BR,0,2009
CA,0,2009
CH,0,2009
CL,0,2009
CN,1,2009
CO,0,2009
CR,0,2009
CU,0,2009
CZ,1,2009
DE,1,2009
DK,0,2009
DZ,1,2009
EE,0,2009
EG,1,2009
ES,0,2009
FI,0,2009
FR,0,2009
GB,0,2009
GR,1,2009
HK,1,2009
HR,0,2009
HU,0,2009
ID,0,2009
IE,0,2009
IL,0,2009
IN,1,2009
IQ,1,2009
IR,1,2009
IT,1,2009
JP,1,2009
KR,1,2009
LT,0,2009
MA,0,2009
MX,0,2009
MY,1,2009
NG,0,2009
NL,0,2009
NO,0,2009
NZ,0,2009
PE,0,2009
PK,1,2009
PL,0,2009
PT,0,2009
RO,1,2009
RS,1,2009
RU,1,2009
SA,1,2009
SE,0,2009
SG,1,2009
SI,0,2009
SK,1,2009
TH,1,2009
TN,1,2009
TR,1,2009
TW,1,2009
UA,1,2009
US,0,2009
VE,0,2009
ZA,0,2009
AR,0,2010
AT,0,2010
AU,0,2010
BD,1,2010
BE,0,2010
BG,1,2010
BR,0,2010
CA,0,2010
CH,0,2010
CL,0,2010
CN,1,2010
CO,0,2010
CU,0,2010
CZ,1,2010
DE,1,2010
DK,0,2010
DZ,1,2010
EE,0,2010
EG,1,2010
ES,0,2010
FI,0,2010
FR,0,2010
GB,0,2010
GR,1,2010
HK,0,2010
HR,0,2010
HU,0,2010
ID,0,2010
IE,0,2010
IL,0,2010
IN,1,2010
IQ,1,2010
IR,1,2010
IT,1,2010
JO,1,2010
JP,1,2010
KR,1,2010
LT,0,2010
MA,0,2010
MX,0,2010
MY,1,2010
NG,0,2010
NL,0,2010
NO,0,2010
NZ,0,2010
PE,0,2010
PK,1,2010
PL,0,2010
PT,0,2010
RO,1,2010
RS,1,2010
RU,1,2010
SA,1,2010
SE,0,2010
SG,1,2010
SI,0,2010
SK,1,2010
TH,1,2010
TN,1,2010
TR,1,2010
TW,1,2010
UA,1,2010
US,0,2010
VE,0,2010
ZA,0,2010
AE,0,2011
AR,0,2011
AT,1,2011
AU,0,2011
BD,1,2011
BE,0,2011
BG,1,2011
BR,0,2011
CA,0,2011
CH,0,2011
CL,0,2011
CN,1,2011
CO,0,2011
CR,0,2011
CU,0,2011
CZ,1,2011
DE,1,2011
DK,0,2011
DZ,1,2011
EE,0,2011
EG,1,2011
ES,0,2011
FI,0,2011
FR,0,2011
GB,0,2011
GR,1,2011
HK,1,2011
HR,0,2011
HU,1,2011
ID,0,2011
IE,0,2011
IL,0,2011
IN,1,2011
IQ,1,2011
IR,1,2011
IT,1,2011
JO,1,2011
JP,1,2011
KR,1,2011
LT,1,2011
LU,0,2011
LV,0,2011
MA,0,2011
MX,0,2011
MY,1,2011
NG,0,2011
NL,0,2011
NO,0,2011
NZ,0,2011
PE,0,2011
PK,1,2011
PL,0,2011
PT,0,2011
RO,1,2011
RS,1,2011
RU,1,2011
SA,1,2011
SE,0,2011
SG,1,2011
SI,0,2011
SK,1,2011
TH,1,2011
TN,1,2011
TR,1,2011
TW,1,2011
UA,1,2011
US,0,2011
VE,0,2011
VN,1,2011
ZA,0,2011
AE,0,2012
AR,0,2012
AT,0,2012
AU,0,2012
BD,1,2012
BE,0,2012
BG,1,2012
BR,0,2012
CA,0,2012
CH,0,2012
CL,0,2012
CN,1,2012
CO,0,2012
CR,0,2012
CU,0,2012
CZ,1,2012
DE,0,2012
DK,0,2012
DZ,1,2012
EE,0,2012
EG,1,2012
ES,0,2012
FI,0,2012
FR,0,2012
GB,0,2012
GR,1,2012
HK,0,2012
HR,0,2012
HU,0,2012
ID,0,2012
IE,0,2012
IL,0,2012
IN,1,2012
IQ,1,2012
IR,1,2012
IT,1,2012
JO,0,2012
JP,1,2012
KR,1,2012
LK,0,2012
LT,0,2012
LU,0,2012
LV,0,2012
MA,0,2012
MX,0,2012
MY,1,2012
NG,0,2012
NL,0,2012
NO,0,2012
NZ,0,2012
PE,0,2012
PH,0,2012
PK,1,2012
PL,0,2012
PT,0,2012
RO,1,2012
RS,0,2012
RU,1,2012
SA,1,2012
SE,0,2012
SG,1,2012
SI,0,2012
SK,1,2012
TH,1,2012
TN,1,2012
TR,0,2012
TW,1,2012
UA,1,2012
US,0,2012
UZ,0,2012
VE,0,2012
VN,1,2012
ZA,0,2012
AE,0,2013
AR,0,2013
AT,1,2013
AU,0,2013
BD,1,2013
BE,0,2013
BG,1,2013
BR,0,2013
BY,1,2013
CA,0,2013
CH,0,2013
CL,0,2013
CN,1,2013
CO,0,2013
CR,0,2013
CU,0,2013
CY,0,2013
CZ,1,2013
DE,1,2013
DK,0,2013
DZ,1,2013
EC,0,2013
EE,0,2013
EG,1,2013
ES,0,2013
FI,0,2013
FR,0,2013
GB,0,2013
GH,0,2013
GR,1,2013
HK,0,2013
HR,0,2013
HU,1,2013
ID,0,2013
IE,0,2013
IL,0,2013
IN,1,2013
IQ,1,2013
IR,1,2013
IT,1,2013
JO,0,2013
JP,1,2013
KE,0,2013
KR,1,2013
LK,0,2013
LT,0,2013
LU,0,2013
LV,0,2013
MA,0,2013
MN,1,2013
MX,0,2013
MY,1,2013
NG,0,2013
NL,0,2013
NO,0,2013
NP,0,2013
NZ,0,2013
PE,0,2013
PH,0,2013
PK,1,2013
PL,0,2013
PT,0,2013
RO,1,2013
RS,1,2013
RU,1,2013
SA,1,2013
SE,0,2013
SG,1,2013
SI,0,2013
SK,1,2013
TH,1,2013
TN,1,2013
TR,1,2013
TW,1,2013
UA,1,2013
US,0,2013
UZ,1,2013
VE,0,2013
VN,1,2013
ZA,0,2013
AE,0,2014
AR,1,2014
AT,0,2014
AU,0,2014
BD,0,2014
BE,0,2014
BG,0,2014
BR,1,2014
CA,0,2014
CH,0,2014
CL,1,2014
CN,0,2014
CO,1,2014
CR,1,2014
CU,0,2014
CY,0,2014
CZ,0,2014
DE,0,2014
DK,0,2014
DZ,0,2014
EC,1,2014
EE,0,2014
EG,0,2014
ES,0,2014
ET,0,2014
FI,0,2014
FR,0,2014
GB,0,2014
GH,1,2014
GR,0,2014
HK,0,2014
HR,1,2014
HU,0,2014
ID,1,2014
IE,0,2014
IL,0,2014
IN,0,2014
IQ,0,2014
IR,0,2014
IT,0,2014
JO,0,2014
JP,0,2014
KE,1,2014
KR,0,2014
KZ,0,2014
LB,0,2014
LK,0,2014
LT,1,2014
LU,1,2014
LV,1,2014
MA,0,2014
MN,0,2014
MX,1,2014
MY,0,2014
NG,0,2014
NL,0,2014
NO,0,2014
NP,0,2014
NZ,0,2014
PE,1,2014
PH,1,2014
PK,0,2014
PL,0,2014
PT,0,2014
QA,0,2014
RO,0,2014
RS,0,2014
RU,0,2014
SA,0,2014
SE,0,2014
SG,0,2014
SI,0,2014
SK,0,2014
TH,0,2014
TN,0,2014
TR,0,2014
TW,0,2014
UA,0,2014
US,0,2014
VE,1,2014
VN,0,2014
ZA,1,2014
AE,0,2015
AR,1,2015
AT,0,2015
AU,0,2015
BD,0,2015
BE,1,2015
BG,0,2015
BR,1,2015
BY,0,2015
CA,0,2015
CH,0,2015
CL,1,2015
CN,0,2015
CO,1,2015
CR,1,2015
CU,1,2015
CY,1,2015
CZ,0,2015
DE,0,2015
DK,0,2015
DZ,0,2015
EC,1,2015
EE,0,2015
EG,0,2015
ES,1,2015
ET,0,2015
FI,0,2015
FR,1,2015
GB,1,2015
GH,1,2015
GR,0,2015
HK,0,2015
HR,1,2015
HU,0,2015
ID,1,2015
IE,0,2015
IL,0,2015
IN,0,2015
IQ,0,2015
IR,0,2015
IT,0,2015
JO,0,2015
JP,0,2015
KE,1,2015
KR,0,2015
KZ,0,2015
LB,0,2015
LK,0,2015
LT,1,2015
LU,1,2015
LV,1,2015
MA,0,2015
MX,1,2015
MY,0,2015
NG,0,2015
NL,0,2015
NO,0,2015
NP,0,2015
NZ,1,2015
PA,1,2015
PE,1,2015
PH,1,2015
PK,0,2015
PL,1,2015
PT,0,2015
RO,0,2015
RS,0,2015
RU,0,2015
SA,0,2015
SE,0,2015
SG,0,2015
SI,1,2015
SK,0,2015
TH,0,2015
TN,0,2015
TR,0,2015
TW,0,2015
UA,0,2015
US,0,2015
UY,1,2015
VE,1,2015
VN,0,2015
ZA,1,2015
AE,0,2016
AR,1,2016
AT,0,2016
AU,0,2016
BD,0,2016
BE,1,2016
BG,0,2016
BR,1,2016
BY,0,2016
CA,0,2016
CH,0,2016
CL,1,2016
CN,0,2016
CO,1,2016
CR,1,2016
CU,1,2016
CY,1,2016
CZ,0,2016
DE,0,2016
DK,0,2016
DZ,0,2016
EC,1,2016
EE,0,2016
EG,0,2016
ES,1,2016
ET,0,2016
FI,0,2016
FR,1,2016
GB,1,2016
GH,1,2016
GR,0,2016
HK,1,2016
HR,1,2016
HU,0,2016
ID,1,2016
IE,0,2016
IL,0,2016
IN,0,2016
IQ,0,2016
IR,0,2016
IT,0,2016
JO,0,2016
JP,0,2016
KE,1,2016
KR,0,2016
KZ,0,2016
LB,0,2016
LK,0,2016
LT,1,2016
LU,1,2016
LV,1,2016
MA,0,2016
MX,1,2016
MY,0,2016
NG,0,2016
NL,0,2016
NO,0,2016
NP,0,2016
NZ,1,2016
PA,1,2016
PE,1,2016
PH,1,2016
PK,0,2016
PL,1,2016
PT,0,2016
QA,0,2016
RO,0,2016
RS,0,2016
RU,0,2016
SA,0,2016
SE,0,2016
SG,0,2016
SI,1,2016
SK,0,2016
TH,0,2016
TN,0,2016
TR,0,2016
TW,0,2016
UA,0,2016
US,0,2016
UY,1,2016
VE,1,2016
VN,0,2016
ZA,1,2016
AE,0,2017
AR,1,2017
AT,0,2017
AU,0,2017
BA,1,2017
BD,0,2017
BE,1,2017
BG,0,2017
BR,1,2017
BY,0,2017
CA,0,2017
CH,0,2017
CL,1,2017
CM,0,2017
CN,0,2017
CO,1,2017
CR,1,2017
CU,1,2017
CY,1,2017
CZ,0,2017
DE,0,2017
DK,0,2017
DZ,0,2017
EC,1,2017
EE,1,2017
EG,0,2017
ES,1,2017
ET,0,2017
FI,0,2017
FR,1,2017
GB,1,2017
GH,1,2017
GR,0,2017
HK,1,2017
HR,1,2017
HU,1,2017
ID,1,2017
IE,0,2017
IL,0,2017
IN,0,2017
IQ,0,2017
IR,0,2017
IT,0,2017
JO,0,2017
JP,0,2017
KE,1,2017
KR,0,2017
KZ,0,2017
LB,0,2017
LK,0,2017
LT,1,2017
LU,1,2017
LV,1,2017
MA,0,2017
MX,1,2017
MY,0,2017
NG,0,2017
NL,0,2017
NO,0,2017
NP,0,2017
NZ,1,2017
PA,1,2017
PE,1,2017
PH,1,2017
PK,0,2017
PL,1,2017
PT,0,2017
QA,0,2017
RO,0,2017
RS,0,2017
RU,0,2017
SA,0,2017
SE,0,2017
SG,0,2017
SI,1,2017
SK,0,2017
TH,0,2017
TN,0,2017
TR,0,2017
TW,0,2017
UA,0,2017
US,0,2017
UY,1,2017
VE,1,2017
VN,0,2017
ZA,1,2017
AE,0,2018
AR,1,2018
AT,0,2018
AU,1,2018
AZ,0,2018
BA,1,2018
BD,0,2018
BE,1,2018
BG,0,2018
BR,1,2018
BY,0,2018
CA,0,2018
CH,0,2018
CL,1,2018
CM,0,2018
CN,0,2018
CO,1,2018
CR,1,2018
CU,1,2018
CY,1,2018
CZ,0,2018
DE,0,2018
DK,0,2018
DZ,0,2018
EC,1,2018
EE,1,2018
EG,0,2018
ES,1,2018
ET,0,2018
FI,1,2018
FR,1,2018
GB,1,2018
GH,1,2018
GR,0,2018
HK,1,2018
HR,1,2018
HU,1,2018
ID,1,2018
IE,1,2018
IL,0,2018
IN,0,2018
IQ,0,2018
IR,0,2018
IT,0,2018
JO,0,2018
JP,0,2018
KE,1,2018
KR,0,2018
KW,0,2018
KZ,1,2018
LB,0,2018
LK,0,2018
LT,1,2018
LU,1,2018
LV,1,2018
MA,0,2018
MX,1,2018
MY,0,2018
NG,1,2018
NL,1,2018
NO,1,2018
NP,0,2018
NZ,1,2018
PA,1,2018
PE,1,2018
PH,1,2018
PK,0,2018
PL,1,2018
PT,1,2018
QA,0,2018
RO,0,2018
RS,1,2018
RU,0,2018
SA,0,2018
SE,0,2018
SG,0,2018
SI,1,2018
SK,0,2018
TH,0,2018
TN,0,2018
TR,1,2018
TW,0,2018
UA,0,2018
US,0,2018
UY,1,2018
VE,1,2018
VN,0,2018
ZA,1,2018
AE,0,2019
AR,1,2019
AT,0,2019
AU,1,2019
AZ,1,2019
BA,1,2019
BD,0,2019
BE,1,2019
BG,0,2019
BR,1,2019
BY,0,2019
CA,0,2019
CH,0,2019
CL,1,2019
CM,0,2019
CN,0,2019
CO,1,2019
CR,1,2019
CU,1,2019
CY,1,2019
CZ,0,2019
DE,0,2019
DK,0,2019
DZ,0,2019
EC,1,2019
EE,1,2019
EG,0,2019
ES,1,2019
ET,0,2019
FI,1,2019
FR,1,2019
GB,1,2019
GH,1,2019
GR,0,2019
HK,1,2019
HR,1,2019
HU,1,2019
ID,1,2019
IE,0,2019
IL,0,2019
IN,0,2019
IQ,0,2019
IR,0,2019
IT,0,2019
JO,0,2019
JP,0,2019
KE,1,2019
KR,0,2019
KW,0,2019
KZ,1,2019
LB,0,2019
LK,0,2019
LT,1,2019
LU,1,2019
LV,0,2019
MA,0,2019
MX,1,2019
MY,1,2019
NG,1,2019
NL,0,2019
NO,1,2019
NP,0,2019
NZ,1,2019
PA,1,2019
PE,1,2019
PH,1,2019
PK,0,2019
PL,1,2019
PT,1,2019
QA,0,2019
RO,0,2019
RS,1,2019
RU,0,2019
SA,0,2019
SE,0,2019
SG,0,2019
SI,1,2019
SK,0,2019
TH,0,2019
TN,0,2019
TR,1,2019
TW,0,2019
TZ,1,2019
UA,1,2019
US,0,2019
UY,1,2019
UZ,1,2019
VE,1,2019
VN,0,2019
ZA,1,2019
AE,0,2020
AR,1,2020
AT,0,2020
AU,0,2020
AZ,0,2020
BA,1,2020
BD,0,2020
BE,0,2020
BG,0,2020
BR,1,2020
BY,0,2020
CA,0,2020
CH,0,2020
CL,1,2020
CM,0,2020
CN,0,2020
CO,1,2020
CR,1,2020
CU,1,2020
CY,1,2020
CZ,0,2020
DE,0,2020
DK,0,2020
DZ,0,2020
EC,1,2020
EE,1,2020
EG,0,2020
ES,1,2020
ET,0,2020
FI,0,2020
FR,1,2020
GB,0,2020
GE,1,2020
GH,1,2020
GR,0,2020
HK,0,2020
HR,1,2020
HU,1,2020
ID,1,2020
IE,0,2020
IL,0,2020
IN,0,2020
IQ,0,2020
IR,0,2020
IT,0,2020
JO,0,2020
JP,0,2020
KE,1,2020
KR,0,2020
KW,0,2020
KZ,1,2020
LB,0,2020
LK,0,2020
LT,1,2020
LU,1,2020
LV,1,2020
MA,0,2020
MK,1,2020
MX,1,2020
MY,0,2020
NG,0,2020
NL,0,2020
NO,0,2020
NP,0,2020
NZ,0,2020
OM,0,2020
PA,1,2020
PE,1,2020
PH,1,2020
PK,0,2020
PL,1,2020
PR,0,2020
PT,0,2020
QA,0,2020
RO,0,2020
RS,0,2020
RU,0,2020
SA,0,2020
SE,0,2020
SG,0,2020
SI,0,2020
SK,0,2020
TH,0,2020
TN,0,2020
TR,1,2020
TW,0,2020
TZ,1,2020
UA,1,2020
UG,1,2020
US,0,2020
UY,1,2020
UZ,1,2020
VE,1,2020
VN,0,2020
ZA,1,2020
AE,0,2021
AM,1,2021
AR,1,2021
AT,0,2021
AU,0,2021
AZ,1,2021
BA,1,2021
BD,0,2021
BE,0,2021
BG,0,2021
BR,1,2021
BY,0,2021
CA,0,2021
CH,0,2021
CL,1,2021
CM,0,2021
CN,0,2021
CO,1,2021
CR,1,2021
CU,1,2021
CY,1,2021
CZ,0,2021
DE,0,2021
DK,0,2021
DZ,0,2021
EC,1,2021
EE,1,2021
EG,0,2021
ES,0,2021
ET,0,2021
FI,0,2021
FR,1,2021
GB,0,2021
GE,1,2021
GH,1,2021
GR,0,2021
HK,1,2021
HR,1,2021
HU,1,2021
ID,1,2021
IE,0,2021
IL,0,2021
IN,0,2021
IQ,0,2021
IR,0,2021
IT,0,2021
JO,0,2021
JP,0,2021
KE,1,2021
KG,1,2021
KR,0,2021
KW,0,2021
KZ,1,2021
LB,0,2021
LK,1,2021
LT,1,2021
LU,1,2021
LV,1,2021
MA,0,2021
MD,1,2021
MK,1,2021
MX,1,2021
MY,0,2021
NG,0,2021
NL,0,2021
NO,0,2021
NP,0,2021
NZ,1,2021
OM,0,2021
PA,1,2021
PE,1,2021
PH,1,2021
PK,0,2021
PL,1,2021
PR,0,2021
PT,0,2021
QA,0,2021
RO,0,2021
RS,0,2021
RU,0,2021
SA,0,2021
SD,0,2021
SE,0,2021
SG,0,2021
SI,0,2021
SK,0,2021
TH,0,2021
TJ,1,2021
TN,0,2021
TR,0,2021
TW,0,2021
TZ,1,2021
UA,1,2021
UG,0,2021
US,0,2021
UY,1,2021
UZ,1,2021
VE,1,2021
VN,0,2021
ZA,1,2021
AE,0,2022
AM,0,2022
AR,1,2022
AT,0,2022
AU,0,2022
AZ,0,2022
BA,1,2022
BD,0,2022
BE,0,2022
BG,0,2022
BR,1,2022
BY,0,2022
CA,0,2022
CH,0,2022
CL,1,2022
CM,0,2022
CN,0,2022
CO,1,2022
CR,1,2022
CU,1,2022
CY,0,2022
CZ,0,2022
DE,0,2022
DK,0,2022
DZ,0,2022
EC,1,2022
EE,0,2022
EG,0,2022
ES,0,2022
ET,0,2022
FI,0,2022
FR,0,2022
GB,0,2022
GE,1,2022
GH,1,2022
GR,0,2022
HK,0,2022
HR,0,2022
HU,0,2022
ID,1,2022
IE,0,2022
IL,0,2022
IN,0,2022
IQ,0,2022
IR,0,2022
IT,0,2022
JO,0,2022
JP,0,2022
KE,1,2022
KR,0,2022
KW,0,2022
KZ,0,2022
LB,0,2022
LK,0,2022
LT,0,2022
LU,0,2022
LV,0,2022
MA,0,2022
MD,1,2022
MK,0,2022
MO,0,2022
MX,0,2022
MY,0,2022
NG,0,2022
NL,0,2022
NO,0,2022
NP,0,2022
NZ,0,2022
OM,0,2022
PA,1,2022
PE,1,2022
PH,1,2022
PK,0,2022
PL,0,2022
PT,0,2022
QA,0,2022
RO,0,2022
RS,0,2022
RU,0,2022
SA,0,2022
SE,0,2022
SG,0,2022
SI,0,2022
SK,0,2022
TH,0,2022
TJ,1,2022
TN,0,2022
TR,1,2022
TW,0,2022
TZ,1,2022
UA,0,2022
UG,0,2022
US,0,2022
UY,0,2022
UZ,1,2022
VE,1,2022
VN,0,2022
ZA,1,2022
ZW,1,2022
AE,0,2023
AM,1,2023
AR,1,2023
AT,0,2023
AU,0,2023
AZ,1,2023
BA,1,2023
BD,0,2023
BE,0,2023
BG,0,2023
BR,1,2023
BY,0,2023
CA,0,2023
CH,0,2023
CL,1,2023
CM,0,2023
CN,0,2023
CO,1,2023
CR,1,2023
CU,1,2023
CY,1,2023
CZ,0,2023
DE,0,2023
DK,0,2023
DZ,0,2023
EC,1,2023
EE,1,2023
EG,0,2023
ES,0,2023
ET,0,2023
FI,1,2023
FR,0,2023
GB,0,2023
GE,1,2023
GH,1,2023
GR,0,2023
HK,1,2023
HR,1,2023
HU,1,2023
ID,1,2023
IE,0,2023
IL,0,2023
IN,0,2023
IQ,0,2023
IR,0,2023
IT,0,2023
JO,0,2023
JP,0,2023
KE,1,2023
KR,0,2023
KW,0,2023
KZ,1,2023
LB,0,2023
LK,0,2023
LT,1,2023
LU,1,2023
LV,0,2023
MA,0,2023
MD,1,2023
MK,1,2023
MO,1,2023
MX,0,2023
MY,1,2023
NG,1,2023
NL,0,2023
NO,0,2023
NP,0,2023
NZ,0,2023
OM,0,2023
PE,1,2023
PH,1,2023
PK,0,2023
PL,1,2023
PT,0,2023
PY,1,2023
QA,0,2023
RO,0,2023
RS,0,2023
RU,0,2023
SA,0,2023
SE,0,2023
SG,0,2023
SI,0,2023
SK,0,2023
TH,0,2023
TJ,1,2023
TN,0,2023
TR,1,2023
TW,0,2023
TZ,1,2023
UA,1,2023
UG,0,2023
US,0,2023
UY,1,2023
UZ,1,2023
VE,1,2023
VN,0,2023
ZA,1,2023
