year,country,cluster
1974,AU,
1974,CA,
1974,CH,
1974,DE,
1974,FR,
1974,GB,
1974,IL,
1974,IN,
1974,IT,
1974,JP,
1974,NL,
1974,RU,
1974,SE,
1974,US,
1975,AU,2.0
1975,CA,4.0
1975,CH,3.0
1975,DE,3.0
1975,FR,3.0
1975,GB,2.0
1975,IL,3.0
1975,IN,3.0
1975,IT,3.0
1975,JP,4.0
1975,NL,4.0
1975,RU,3.0
1975,SE,2.0
1975,US,2.0
1976,AU,2.0
1976,BE,4.0
1976,CA,1.0
1976,CH,3.0
1976,DE,3.0
1976,FR,3.0
1976,GB,2.0
1976,IL,1.0
1976,IN,3.0
1976,IT,3.0
1976,JP,4.0
1976,NL,2.0
1976,RU,3.0
1976,SE,2.0
1976,US,2.0
1977,AU,2.0
1977,BE,4.0
1977,CA,1.0
1977,CH,3.0
1977,DE,3.0
1977,FR,3.0
1977,GB,2.0
1977,IL,1.0
1977,IN,3.0
1977,IT,3.0
1977,JP,4.0
1977,NL,2.0
1977,RU,5.0
1977,SE,2.0
1977,US,2.0
1978,AU,2.0
1978,BE,4.0
1978,CA,1.0
1978,CH,3.0
1978,DE,3.0
1978,DK,2.0
1978,FR,3.0
1978,GB,2.0
1978,HU,3.0
1978,IL,1.0
1978,IN,3.0
1978,IT,3.0
1978,JP,4.0
1978,NL,2.0
1978,PL,3.0
1978,RU,3.0
1978,SE,2.0
1978,US,2.0
1979,AU,2.0
1979,BE,4.0
1979,CA,4.0
1979,CH,3.0
1979,CZ,4.0
1979,DE,3.0
1979,DK,2.0
1979,FR,3.0
1979,GB,2.0
1979,HU,3.0
1979,IL,4.0
1979,IN,3.0
1979,IT,4.0
1979,JP,4.0
1979,NL,2.0
1979,PL,3.0
1979,RU,3.0
1979,SE,2.0
1979,US,2.0
1980,AU,2.0
1980,BE,4.0
1980,BR,4.0
1980,CA,4.0
1980,CH,3.0
1980,CZ,4.0
1980,DE,3.0
1980,DK,2.0
1980,FR,3.0
1980,GB,2.0
1980,HU,3.0
1980,IL,4.0
1980,IN,3.0
1980,IT,4.0
1980,JP,4.0
1980,NL,2.0
1980,PL,3.0
1980,RU,3.0
1980,SE,2.0
1980,US,2.0
1981,AT,3.0
1981,AU,2.0
1981,BE,2.0
1981,BR,1.0
1981,CA,1.0
1981,CH,3.0
1981,CZ,3.0
1981,DE,3.0
1981,DK,2.0
1981,FR,3.0
1981,GB,2.0
1981,HU,3.0
1981,IL,1.0
1981,IN,3.0
1981,IT,4.0
1981,JP,4.0
1981,NL,2.0
1981,NO,2.0
1981,PL,3.0
1981,RU,3.0
1981,SE,2.0
1981,US,2.0
1982,AT,3.0
1982,AU,2.0
1982,BE,2.0
1982,BR,1.0
1982,CA,1.0
1982,CH,3.0
1982,CN,2.0
1982,CZ,3.0
1982,DE,3.0
1982,DK,2.0
1982,ES,3.0
1982,FR,3.0
1982,GB,2.0
1982,HU,3.0
1982,IL,1.0
1982,IN,3.0
1982,IT,2.0
1982,JP,4.0
1982,NL,2.0
1982,NO,2.0
1982,PL,3.0
1982,RU,3.0
1982,SE,2.0
1982,US,2.0
1983,AT,3.0
1983,AU,2.0
1983,BE,2.0
1983,BR,1.0
1983,CA,1.0
1983,CH,4.0
1983,CN,3.0
1983,CZ,3.0
1983,DE,3.0
1983,DK,2.0
1983,ES,3.0
1983,FI,2.0
1983,FR,3.0
1983,GB,2.0
1983,HU,3.0
1983,IL,1.0
1983,IN,3.0
1983,IT,2.0
1983,JP,4.0
1983,NL,2.0
1983,NO,2.0
1983,PL,3.0
1983,RU,3.0
1983,SE,2.0
1983,US,2.0
1984,AT,3.0
1984,AU,2.0
1984,BE,2.0
1984,BR,3.0
1984,CA,1.0
1984,CH,4.0
1984,CN,3.0
1984,CZ,3.0
1984,DE,3.0
1984,DK,2.0
1984,EG,3.0
1984,ES,3.0
1984,FI,2.0
1984,FR,3.0
1984,GB,2.0
1984,HU,3.0
1984,IL,1.0
1984,IN,3.0
1984,IT,4.0
1984,JP,4.0
1984,NL,2.0
1984,NO,2.0
1984,PL,3.0
1984,RU,3.0
1984,SE,2.0
1984,US,2.0
1984,ZA,2.0
1985,AT,3.0
1985,AU,2.0
1985,BE,2.0
1985,BR,4.0
1985,CA,3.0
1985,CH,4.0
1985,CN,3.0
1985,CZ,3.0
1985,DE,3.0
1985,DK,2.0
1985,EG,3.0
1985,ES,3.0
1985,FI,2.0
1985,FR,3.0
1985,GB,2.0
1985,HU,3.0
1985,IL,3.0
1985,IN,3.0
1985,IT,4.0
1985,JP,4.0
1985,MX,3.0
1985,NL,2.0
1985,NO,2.0
1985,NZ,2.0
1985,PL,3.0
1985,RU,3.0
1985,SE,2.0
1985,SK,3.0
1985,US,2.0
1985,ZA,2.0
1986,AT,3.0
1986,AU,2.0
1986,BE,2.0
1986,BR,3.0
1986,CA,3.0
1986,CH,2.0
1986,CN,3.0
1986,CZ,3.0
1986,DE,3.0
1986,DK,2.0
1986,EG,3.0
1986,ES,3.0
1986,FI,2.0
1986,FR,3.0
1986,GB,2.0
1986,GR,3.0
1986,HU,3.0
1986,IL,3.0
1986,IN,3.0
1986,IT,2.0
1986,JP,2.0
1986,MX,3.0
1986,NL,2.0
1986,NO,2.0
1986,NZ,2.0
1986,PL,3.0
1986,RU,3.0
1986,SE,2.0
1986,SK,3.0
1986,TW,3.0
1986,US,2.0
1986,ZA,2.0
1987,AT,2.0
1987,AU,2.0
1987,BE,2.0
1987,BG,3.0
1987,BR,4.0
1987,CA,1.0
1987,CH,2.0
1987,CN,3.0
1987,CZ,4.0
1987,DE,3.0
1987,DK,2.0
1987,EG,3.0
1987,ES,3.0
1987,FI,2.0
1987,FR,4.0
1987,GB,2.0
1987,GR,3.0
1987,HU,4.0
1987,IL,1.0
1987,IN,3.0
1987,IT,2.0
1987,JP,2.0
1987,MX,1.0
1987,NL,2.0
1987,NO,2.0
1987,NZ,2.0
1987,PL,3.0
1987,RU,3.0
1987,SE,2.0
1987,SK,3.0
1987,TW,3.0
1987,US,2.0
1987,ZA,2.0
1988,AT,2.0
1988,AU,2.0
1988,BE,2.0
1988,BG,3.0
1988,BR,4.0
1988,CA,2.0
1988,CH,2.0
1988,CN,3.0
1988,CZ,4.0
1988,DE,3.0
1988,DK,2.0
1988,EG,3.0
1988,ES,3.0
1988,FI,2.0
1988,FR,4.0
1988,GB,2.0
1988,GR,3.0
1988,HU,3.0
1988,IE,2.0
1988,IL,4.0
1988,IN,3.0
1988,IT,4.0
1988,JP,4.0
1988,KR,3.0
1988,MX,4.0
1988,NL,2.0
1988,NO,2.0
1988,NZ,2.0
1988,PL,3.0
1988,RU,3.0
1988,SE,2.0
1988,SK,3.0
1988,TW,3.0
1988,US,2.0
1988,ZA,2.0
1989,AT,2.0
1989,AU,2.0
1989,BE,2.0
1989,BG,3.0
1989,BR,1.0
1989,CA,2.0
1989,CH,2.0
1989,CN,3.0
1989,CZ,3.0
1989,DE,3.0
1989,DK,2.0
1989,EG,3.0
1989,ES,3.0
1989,FI,2.0
1989,FR,3.0
1989,GB,2.0
1989,GR,3.0
1989,HU,3.0
1989,IE,2.0
1989,IL,1.0
1989,IN,3.0
1989,IT,2.0
1989,JP,2.0
1989,KR,3.0
1989,MX,2.0
1989,NL,2.0
1989,NO,2.0
1989,NZ,2.0
1989,PL,3.0
1989,RU,3.0
1989,SE,2.0
1989,SK,3.0
1989,TW,3.0
1989,US,2.0
1989,ZA,2.0
1990,AR,3.0
1990,AT,2.0
1990,AU,2.0
1990,BE,2.0
1990,BG,3.0
1990,BR,2.0
1990,CA,2.0
1990,CH,2.0
1990,CN,3.0
1990,CZ,3.0
1990,DE,3.0
1990,DK,2.0
1990,EG,3.0
1990,ES,3.0
1990,FI,2.0
1990,FR,3.0
1990,GB,2.0
1990,GR,3.0
1990,HU,3.0
1990,IE,2.0
1990,IL,1.0
1990,IN,3.0
1990,IT,4.0
1990,JP,2.0
1990,KR,3.0
1990,MX,2.0
1990,NL,2.0
1990,NO,4.0
1990,NZ,2.0
1990,PL,3.0
1990,RU,3.0
1990,SE,2.0
1990,SK,3.0
1990,TW,3.0
1990,US,2.0
1990,ZA,2.0
1991,AR,3.0
1991,AT,2.0
1991,AU,2.0
1991,BE,2.0
1991,BG,3.0
1991,BR,2.0
1991,CA,2.0
1991,CH,2.0
1991,CN,3.0
1991,CZ,3.0
1991,DE,3.0
1991,DK,2.0
1991,EG,3.0
1991,ES,3.0
1991,FI,2.0
1991,FR,3.0
1991,GB,2.0
1991,GR,3.0
1991,HU,3.0
1991,IE,2.0
1991,IL,4.0
1991,IN,3.0
1991,IT,4.0
1991,JP,2.0
1991,KR,3.0
1991,MX,2.0
1991,NL,2.0
1991,NO,4.0
1991,NZ,2.0
1991,PL,3.0
1991,RU,3.0
1991,SE,2.0
1991,SK,3.0
1991,TW,3.0
1991,US,2.0
1991,ZA,2.0
1992,AR,3.0
1992,AT,2.0
1992,AU,2.0
1992,BE,2.0
1992,BG,3.0
1992,BR,2.0
1992,CA,2.0
1992,CH,2.0
1992,CL,3.0
1992,CN,3.0
1992,CZ,3.0
1992,DE,3.0
1992,DK,2.0
1992,EG,3.0
1992,ES,3.0
1992,FI,2.0
1992,FR,3.0
1992,GB,2.0
1992,GR,3.0
1992,HU,3.0
1992,IE,2.0
1992,IL,1.0
1992,IN,3.0
1992,IT,4.0
1992,JP,2.0
1992,KR,3.0
1992,MA,0.0
1992,MX,2.0
1992,NL,2.0
1992,NO,4.0
1992,NZ,2.0
1992,PL,3.0
1992,RU,3.0
1992,SE,2.0
1992,SG,1.0
1992,SK,3.0
1992,TW,3.0
1992,US,2.0
1992,ZA,2.0
1993,AR,3.0
1993,AT,2.0
1993,AU,2.0
1993,BE,2.0
1993,BG,3.0
1993,BR,2.0
1993,CA,2.0
1993,CH,2.0
1993,CL,4.0
1993,CN,3.0
1993,CZ,4.0
1993,DE,3.0
1993,DK,2.0
1993,EG,3.0
1993,ES,3.0
1993,FI,2.0
1993,FR,3.0
1993,GB,2.0
1993,GR,3.0
1993,HU,4.0
1993,IE,2.0
1993,IL,1.0
1993,IN,3.0
1993,IT,2.0
1993,JP,4.0
1993,KR,3.0
1993,MA,0.0
1993,MX,2.0
1993,NL,2.0
1993,NO,2.0
1993,NZ,2.0
1993,PL,3.0
1993,PT,3.0
1993,RU,3.0
1993,SE,2.0
1993,SG,3.0
1993,SK,3.0
1993,TR,3.0
1993,TW,3.0
1993,US,2.0
1993,ZA,2.0
1994,AR,4.0
1994,AT,2.0
1994,AU,2.0
1994,BE,2.0
1994,BG,3.0
1994,BR,2.0
1994,CA,2.0
1994,CH,2.0
1994,CL,4.0
1994,CN,3.0
1994,CZ,4.0
1994,DE,4.0
1994,DK,2.0
1994,EG,4.0
1994,ES,4.0
1994,FI,2.0
1994,FR,4.0
1994,GB,2.0
1994,GR,3.0
1994,HK,2.0
1994,HU,4.0
1994,IE,2.0
1994,IL,2.0
1994,IN,4.0
1994,IT,4.0
1994,JP,4.0
1994,KR,3.0
1994,MA,0.0
1994,MX,2.0
1994,NL,2.0
1994,NO,2.0
1994,NZ,2.0
1994,PL,3.0
1994,PT,3.0
1994,RU,3.0
1994,SE,2.0
1994,SG,3.0
1994,SK,3.0
1994,TR,3.0
1994,TW,3.0
1994,UA,3.0
1994,US,2.0
1994,ZA,2.0
1995,AR,4.0
1995,AT,2.0
1995,AU,2.0
1995,BE,2.0
1995,BG,3.0
1995,BR,2.0
1995,CA,2.0
1995,CH,2.0
1995,CL,2.0
1995,CN,3.0
1995,CZ,4.0
1995,DE,4.0
1995,DK,2.0
1995,EG,4.0
1995,ES,4.0
1995,FI,2.0
1995,FR,4.0
1995,GB,2.0
1995,GR,3.0
1995,HK,2.0
1995,HR,4.0
1995,HU,4.0
1995,IE,2.0
1995,IL,2.0
1995,IN,4.0
1995,IT,4.0
1995,JP,4.0
1995,KR,3.0
1995,MA,0.0
1995,MX,2.0
1995,NL,2.0
1995,NO,2.0
1995,NZ,2.0
1995,PL,3.0
1995,PT,3.0
1995,RO,3.0
1995,RU,3.0
1995,SE,2.0
1995,SG,3.0
1995,SK,3.0
1995,TR,3.0
1995,TW,3.0
1995,UA,3.0
1995,US,2.0
1995,ZA,2.0
1996,AR,4.0
1996,AT,2.0
1996,AU,2.0
1996,BE,2.0
1996,BG,3.0
1996,BR,2.0
1996,CA,2.0
1996,CH,2.0
1996,CL,2.0
1996,CN,3.0
1996,CZ,4.0
1996,DE,4.0
1996,DK,2.0
1996,EG,4.0
1996,ES,4.0
1996,FI,2.0
1996,FR,4.0
1996,GB,2.0
1996,GR,3.0
1996,HK,3.0
1996,HR,4.0
1996,HU,4.0
1996,IE,2.0
1996,IL,2.0
1996,IN,4.0
1996,IT,4.0
1996,JP,4.0
1996,KR,3.0
1996,MA,0.0
1996,MX,2.0
1996,NL,2.0
1996,NO,2.0
1996,NZ,2.0
1996,PL,3.0
1996,PT,4.0
1996,RO,3.0
1996,RU,3.0
1996,SE,2.0
1996,SG,3.0
1996,SK,3.0
1996,TR,3.0
1996,TW,3.0
1996,UA,3.0
1996,US,2.0
1996,ZA,2.0
1997,AR,4.0
1997,AT,2.0
1997,AU,2.0
1997,BE,2.0
1997,BG,3.0
1997,BR,4.0
1997,BY,3.0
1997,CA,2.0
1997,CH,2.0
1997,CL,2.0
1997,CN,3.0
1997,CZ,4.0
1997,DE,4.0
1997,DK,2.0
1997,EG,4.0
1997,ES,4.0
1997,FI,2.0
1997,FR,4.0
1997,GB,2.0
1997,GR,3.0
1997,HK,3.0
1997,HR,4.0
1997,HU,4.0
1997,IE,2.0
1997,IL,2.0
1997,IN,4.0
1997,IT,4.0
1997,JP,4.0
1997,KR,3.0
1997,MA,0.0
1997,MX,4.0
1997,NL,2.0
1997,NO,2.0
1997,NZ,2.0
1997,PL,3.0
1997,PT,4.0
1997,RO,3.0
1997,RU,3.0
1997,SE,2.0
1997,SG,3.0
1997,SI,3.0
1997,SK,3.0
1997,TH,2.0
1997,TR,0.0
1997,TW,3.0
1997,UA,3.0
1997,US,2.0
1997,ZA,2.0
1998,AR,4.0
1998,AT,2.0
1998,AU,2.0
1998,BE,2.0
1998,BG,3.0
1998,BR,4.0
1998,BY,3.0
1998,CA,2.0
1998,CH,2.0
1998,CL,4.0
1998,CN,3.0
1998,CZ,4.0
1998,DE,4.0
1998,DK,2.0
1998,EG,4.0
1998,ES,4.0
1998,FI,2.0
1998,FR,4.0
1998,GB,2.0
1998,GR,3.0
1998,HK,3.0
1998,HR,4.0
1998,HU,4.0
1998,IE,2.0
1998,IL,2.0
1998,IN,4.0
1998,IT,4.0
1998,JP,4.0
1998,KR,3.0
1998,MA,0.0
1998,MX,4.0
1998,MY,2.0
1998,NL,2.0
1998,NO,2.0
1998,NZ,2.0
1998,PL,3.0
1998,PT,4.0
1998,RO,3.0
1998,RU,3.0
1998,SE,2.0
1998,SG,3.0
1998,SI,3.0
1998,SK,3.0
1998,TH,2.0
1998,TR,0.0
1998,TW,3.0
1998,UA,3.0
1998,US,2.0
1998,VE,4.0
1998,ZA,2.0
1999,AR,4.0
1999,AT,2.0
1999,AU,2.0
1999,BE,2.0
1999,BG,3.0
1999,BR,4.0
1999,BY,3.0
1999,CA,2.0
1999,CH,2.0
1999,CL,4.0
1999,CN,3.0
1999,CO,2.0
1999,CZ,4.0
1999,DE,4.0
1999,DK,2.0
1999,EG,4.0
1999,ES,4.0
1999,FI,2.0
1999,FR,4.0
1999,GB,2.0
1999,GR,3.0
1999,HK,3.0
1999,HR,4.0
1999,HU,4.0
1999,IE,2.0
1999,IL,2.0
1999,IN,4.0
1999,IT,4.0
1999,JP,4.0
1999,KE,0.0
1999,KR,3.0
1999,LV,3.0
1999,MA,0.0
1999,MX,4.0
1999,MY,2.0
1999,NL,2.0
1999,NO,2.0
1999,NZ,2.0
1999,PK,2.0
1999,PL,3.0
1999,PR,3.0
1999,PT,4.0
1999,RO,3.0
1999,RS,3.0
1999,RU,3.0
1999,SA,2.0
1999,SE,2.0
1999,SG,3.0
1999,SI,3.0
1999,SK,3.0
1999,TH,2.0
1999,TR,2.0
1999,TW,3.0
1999,UA,3.0
1999,US,2.0
1999,VE,4.0
1999,ZA,2.0
2000,AR,4.0
2000,AT,2.0
2000,AU,2.0
2000,BE,2.0
2000,BG,3.0
2000,BR,2.0
2000,BY,3.0
2000,CA,2.0
2000,CH,2.0
2000,CL,4.0
2000,CN,3.0
2000,CO,2.0
2000,CZ,4.0
2000,DE,4.0
2000,DK,2.0
2000,EG,4.0
2000,ES,4.0
2000,FI,2.0
2000,FR,4.0
2000,GB,2.0
2000,GR,3.0
2000,HK,3.0
2000,HR,4.0
2000,HU,4.0
2000,ID,2.0
2000,IE,2.0
2000,IL,2.0
2000,IN,3.0
2000,IR,3.0
2000,IT,4.0
2000,JP,4.0
2000,KE,0.0
2000,KR,3.0
2000,LV,3.0
2000,MA,2.0
2000,MX,4.0
2000,MY,2.0
2000,NL,2.0
2000,NO,2.0
2000,NZ,2.0
2000,PK,2.0
2000,PL,3.0
2000,PR,3.0
2000,PT,4.0
2000,RO,3.0
2000,RS,3.0
2000,RU,3.0
2000,SA,2.0
2000,SE,2.0
2000,SG,3.0
2000,SI,3.0
2000,SK,3.0
2000,TH,2.0
2000,TR,2.0
2000,TW,3.0
2000,UA,3.0
2000,US,2.0
2000,VE,4.0
2000,ZA,2.0
2001,AR,3.0
2001,AT,2.0
2001,AU,2.0
2001,BE,2.0
2001,BG,3.0
2001,BR,2.0
2001,BY,3.0
2001,CA,2.0
2001,CH,2.0
2001,CL,3.0
2001,CN,3.0
2001,CO,2.0
2001,CU,2.0
2001,CZ,3.0
2001,DE,3.0
2001,DK,2.0
2001,DZ,3.0
2001,EG,4.0
2001,ES,3.0
2001,FI,2.0
2001,FR,3.0
2001,GB,2.0
2001,GR,3.0
2001,HK,3.0
2001,HR,4.0
2001,HU,3.0
2001,ID,2.0
2001,IE,2.0
2001,IL,2.0
2001,IN,3.0
2001,IR,3.0
2001,IT,4.0
2001,JP,4.0
2001,KE,0.0
2001,KR,3.0
2001,LV,3.0
2001,MA,2.0
2001,MX,3.0
2001,MY,2.0
2001,NL,2.0
2001,NO,2.0
2001,NZ,2.0
2001,PH,0.0
2001,PK,2.0
2001,PL,3.0
2001,PR,3.0
2001,PT,3.0
2001,RO,3.0
2001,RS,3.0
2001,RU,3.0
2001,SA,4.0
2001,SE,2.0
2001,SG,3.0
2001,SI,3.0
2001,SK,3.0
2001,TH,2.0
2001,TN,3.0
2001,TR,2.0
2001,TW,3.0
2001,UA,3.0
2001,US,2.0
2001,VE,3.0
2001,VN,2.0
2001,ZA,2.0
2002,AR,4.0
2002,AT,2.0
2002,AU,2.0
2002,BD,2.0
2002,BE,2.0
2002,BG,5.0
2002,BR,2.0
2002,BY,5.0
2002,CA,2.0
2002,CH,2.0
2002,CL,4.0
2002,CN,5.0
2002,CO,2.0
2002,CU,2.0
2002,CZ,4.0
2002,DE,4.0
2002,DK,2.0
2002,DZ,5.0
2002,EE,2.0
2002,EG,4.0
2002,ES,4.0
2002,FI,2.0
2002,FR,4.0
2002,GB,2.0
2002,GR,4.0
2002,HK,5.0
2002,HR,4.0
2002,HU,4.0
2002,ID,2.0
2002,IE,2.0
2002,IL,2.0
2002,IN,4.0
2002,IR,5.0
2002,IT,4.0
2002,JP,4.0
2002,KE,0.0
2002,KR,5.0
2002,LV,5.0
2002,MA,2.0
2002,MX,4.0
2002,MY,2.0
2002,NL,2.0
2002,NO,2.0
2002,NZ,2.0
2002,PH,0.0
2002,PK,2.0
2002,PL,5.0
2002,PR,4.0
2002,PT,4.0
2002,RO,5.0
2002,RS,5.0
2002,RU,5.0
2002,SA,4.0
2002,SE,2.0
2002,SG,5.0
2002,SI,5.0
2002,SK,4.0
2002,TH,2.0
2002,TN,4.0
2002,TR,2.0
2002,TW,4.0
2002,UA,5.0
2002,US,2.0
2002,VE,4.0
2002,VN,2.0
2002,ZA,2.0
2003,AR,4.0
2003,AT,2.0
2003,AU,2.0
2003,BD,2.0
2003,BE,2.0
2003,BG,5.0
2003,BR,2.0
2003,BY,5.0
2003,CA,2.0
2003,CH,2.0
2003,CL,4.0
2003,CN,5.0
2003,CO,2.0
2003,CU,2.0
2003,CZ,4.0
2003,DE,4.0
2003,DK,2.0
2003,DZ,5.0
2003,EE,2.0
2003,EG,4.0
2003,ES,4.0
2003,FI,2.0
2003,FR,4.0
2003,GB,2.0
2003,GR,4.0
2003,HK,5.0
2003,HR,4.0
2003,HU,4.0
2003,ID,2.0
2003,IE,2.0
2003,IL,2.0
2003,IN,4.0
2003,IR,5.0
2003,IT,4.0
2003,JP,4.0
2003,KE,0.0
2003,KR,5.0
2003,LV,5.0
2003,MA,2.0
2003,MX,4.0
2003,MY,4.0
2003,NL,2.0
2003,NO,2.0
2003,NZ,2.0
2003,PH,0.0
2003,PK,2.0
2003,PL,5.0
2003,PR,4.0
2003,PT,4.0
2003,RO,5.0
2003,RS,5.0
2003,RU,5.0
2003,SA,4.0
2003,SE,2.0
2003,SG,5.0
2003,SI,5.0
2003,SK,4.0
2003,TH,2.0
2003,TN,5.0
2003,TR,2.0
2003,TW,4.0
2003,UA,5.0
2003,US,2.0
2003,VE,4.0
2003,VN,2.0
2003,ZA,2.0
2004,AR,4.0
2004,AT,2.0
2004,AU,2.0
2004,BD,2.0
2004,BE,2.0
2004,BG,4.0
2004,BR,2.0
2004,BY,5.0
2004,CA,2.0
2004,CH,2.0
2004,CL,4.0
2004,CN,4.0
2004,CO,2.0
2004,CU,2.0
2004,CZ,4.0
2004,DE,4.0
2004,DK,2.0
2004,DZ,5.0
2004,EE,2.0
2004,EG,4.0
2004,ES,4.0
2004,FI,2.0
2004,FR,4.0
2004,GB,2.0
2004,GR,4.0
2004,HK,4.0
2004,HR,2.0
2004,HU,4.0
2004,ID,2.0
2004,IE,2.0
2004,IL,2.0
2004,IN,4.0
2004,IR,4.0
2004,IT,4.0
2004,JP,4.0
2004,KE,0.0
2004,KR,4.0
2004,LT,5.0
2004,LV,0.0
2004,MA,2.0
2004,MX,4.0
2004,MY,4.0
2004,NG,0.0
2004,NL,2.0
2004,NO,2.0
2004,NZ,2.0
2004,PE,0.0
2004,PH,0.0
2004,PK,2.0
2004,PL,5.0
2004,PR,4.0
2004,PT,4.0
2004,RO,5.0
2004,RS,4.0
2004,RU,5.0
2004,SA,4.0
2004,SE,2.0
2004,SG,4.0
2004,SI,4.0
2004,SK,4.0
2004,TH,2.0
2004,TN,4.0
2004,TR,2.0
2004,TW,4.0
2004,UA,5.0
2004,US,2.0
2004,VE,4.0
2004,VG,5.0
2004,VN,2.0
2004,ZA,2.0
2005,AE,5.0
2005,AM,5.0
2005,AR,4.0
2005,AT,2.0
2005,AU,2.0
2005,BD,2.0
2005,BE,2.0
2005,BG,5.0
2005,BR,2.0
2005,BY,5.0
2005,CA,2.0
2005,CH,2.0
2005,CL,4.0
2005,CN,5.0
2005,CO,2.0
2005,CU,2.0
2005,CY,5.0
2005,CZ,4.0
2005,DE,4.0
2005,DK,2.0
2005,DZ,5.0
2005,EE,2.0
2005,EG,4.0
2005,ES,4.0
2005,FI,2.0
2005,FR,4.0
2005,GB,2.0
2005,GR,4.0
2005,HK,5.0
2005,HR,4.0
2005,HU,4.0
2005,ID,2.0
2005,IE,2.0
2005,IL,2.0
2005,IN,4.0
2005,IR,5.0
2005,IT,4.0
2005,JO,5.0
2005,JP,4.0
2005,KE,0.0
2005,KR,5.0
2005,LT,5.0
2005,LV,5.0
2005,MA,2.0
2005,MX,4.0
2005,MY,4.0
2005,NG,0.0
2005,NL,2.0
2005,NO,2.0
2005,NZ,2.0
2005,PE,0.0
2005,PH,0.0
2005,PK,2.0
2005,PL,5.0
2005,PR,4.0
2005,PT,4.0
2005,RO,5.0
2005,RS,4.0
2005,RU,5.0
2005,SA,4.0
2005,SE,2.0
2005,SG,5.0
2005,SI,5.0
2005,SK,4.0
2005,TH,2.0
2005,TN,4.0
2005,TR,2.0
2005,TW,4.0
2005,UA,5.0
2005,US,2.0
2005,VE,4.0
2005,VG,5.0
2005,VN,2.0
2005,ZA,2.0
2006,AE,0.0
2006,AM,3.0
2006,AR,3.0
2006,AT,2.0
2006,AU,2.0
2006,BD,2.0
2006,BE,2.0
2006,BG,3.0
2006,BR,2.0
2006,BY,3.0
2006,CA,2.0
2006,CH,2.0
2006,CL,3.0
2006,CM,0.0
2006,CN,3.0
2006,CO,2.0
2006,CR,0.0
2006,CU,2.0
2006,CY,3.0
2006,CZ,3.0
2006,DE,3.0
2006,DK,2.0
2006,DZ,3.0
2006,EE,2.0
2006,EG,3.0
2006,ES,3.0
2006,FI,2.0
2006,FR,3.0
2006,GB,2.0
2006,GR,3.0
2006,HK,3.0
2006,HR,2.0
2006,HU,3.0
2006,ID,2.0
2006,IE,2.0
2006,IL,2.0
2006,IN,3.0
2006,IR,3.0
2006,IS,2.0
2006,IT,3.0
2006,JO,3.0
2006,JP,3.0
2006,KE,0.0
2006,KR,3.0
2006,LB,2.0
2006,LT,3.0
2006,LV,3.0
2006,MA,2.0
2006,MX,3.0
2006,MY,3.0
2006,NG,0.0
2006,NL,2.0
2006,NO,2.0
2006,NZ,2.0
2006,PE,0.0
2006,PH,0.0
2006,PK,2.0
2006,PL,3.0
2006,PR,3.0
2006,PT,3.0
2006,RO,3.0
2006,RS,3.0
2006,RU,3.0
2006,SA,0.0
2006,SE,2.0
2006,SG,3.0
2006,SI,3.0
2006,SK,3.0
2006,TH,2.0
2006,TN,3.0
2006,TR,2.0
2006,TW,3.0
2006,UA,3.0
2006,US,2.0
2006,UY,0.0
2006,VE,2.0
2006,VG,3.0
2006,VN,0.0
2006,ZA,2.0
2007,AE,3.0
2007,AM,3.0
2007,AR,3.0
2007,AT,2.0
2007,AU,2.0
2007,BD,2.0
2007,BE,2.0
2007,BG,3.0
2007,BR,2.0
2007,BY,3.0
2007,CA,2.0
2007,CH,2.0
2007,CL,3.0
2007,CM,0.0
2007,CN,3.0
2007,CO,2.0
2007,CR,0.0
2007,CU,2.0
2007,CY,3.0
2007,CZ,3.0
2007,DE,3.0
2007,DK,2.0
2007,DZ,3.0
2007,EE,2.0
2007,EG,2.0
2007,ES,3.0
2007,ET,0.0
2007,FI,2.0
2007,FR,3.0
2007,GB,2.0
2007,GR,2.0
2007,HK,3.0
2007,HR,2.0
2007,HU,3.0
2007,ID,2.0
2007,IE,2.0
2007,IL,2.0
2007,IN,3.0
2007,IR,3.0
2007,IS,2.0
2007,IT,3.0
2007,JO,3.0
2007,JP,3.0
2007,KE,0.0
2007,KR,3.0
2007,KW,3.0
2007,LB,2.0
2007,LK,2.0
2007,LT,3.0
2007,LV,0.0
2007,MA,0.0
2007,MD,3.0
2007,MX,3.0
2007,MY,3.0
2007,NG,0.0
2007,NL,2.0
2007,NO,2.0
2007,NZ,2.0
2007,PE,0.0
2007,PH,0.0
2007,PK,2.0
2007,PL,3.0
2007,PR,3.0
2007,PT,3.0
2007,RO,3.0
2007,RS,3.0
2007,RU,3.0
2007,SA,2.0
2007,SE,2.0
2007,SG,3.0
2007,SI,3.0
2007,SK,3.0
2007,TH,2.0
2007,TN,3.0
2007,TR,2.0
2007,TW,3.0
2007,TZ,0.0
2007,UA,3.0
2007,US,2.0
2007,UY,0.0
2007,VE,2.0
2007,VG,3.0
2007,VN,2.0
2007,ZA,2.0
2008,AE,1.0
2008,AM,3.0
2008,AR,3.0
2008,AT,2.0
2008,AU,2.0
2008,BD,2.0
2008,BE,2.0
2008,BG,3.0
2008,BR,2.0
2008,BY,3.0
2008,CA,2.0
2008,CH,2.0
2008,CL,3.0
2008,CM,0.0
2008,CN,3.0
2008,CO,2.0
2008,CR,0.0
2008,CU,2.0
2008,CY,3.0
2008,CZ,3.0
2008,DE,3.0
2008,DK,2.0
2008,DZ,3.0
2008,EE,2.0
2008,EG,1.0
2008,ES,3.0
2008,ET,0.0
2008,FI,2.0
2008,FR,3.0
2008,GB,2.0
2008,GR,1.0
2008,HK,3.0
2008,HR,2.0
2008,HU,3.0
2008,ID,2.0
2008,IE,2.0
2008,IL,2.0
2008,IN,3.0
2008,IR,3.0
2008,IS,2.0
2008,IT,1.0
2008,JO,3.0
2008,JP,3.0
2008,KE,0.0
2008,KR,3.0
2008,KW,3.0
2008,LB,2.0
2008,LK,2.0
2008,LT,3.0
2008,LU,0.0
2008,LV,0.0
2008,MA,2.0
2008,MD,3.0
2008,MX,3.0
2008,MY,3.0
2008,NG,0.0
2008,NL,2.0
2008,NO,2.0
2008,NZ,2.0
2008,PE,0.0
2008,PH,0.0
2008,PK,2.0
2008,PL,3.0
2008,PR,1.0
2008,PT,3.0
2008,RO,3.0
2008,RS,3.0
2008,RU,3.0
2008,SA,1.0
2008,SE,2.0
2008,SG,3.0
2008,SI,3.0
2008,SK,3.0
2008,TH,2.0
2008,TN,3.0
2008,TR,2.0
2008,TW,3.0
2008,TZ,0.0
2008,UA,3.0
2008,UG,0.0
2008,US,2.0
2008,UY,0.0
2008,VE,2.0
2008,VG,0.0
2008,VN,2.0
2008,ZA,2.0
2009,AE,3.0
2009,AM,3.0
2009,AR,1.0
2009,AT,2.0
2009,AU,2.0
2009,BD,2.0
2009,BE,2.0
2009,BG,3.0
2009,BR,2.0
2009,BY,3.0
2009,CA,2.0
2009,CH,2.0
2009,CL,3.0
2009,CM,0.0
2009,CN,3.0
2009,CO,2.0
2009,CR,0.0
2009,CU,2.0
2009,CY,3.0
2009,CZ,3.0
2009,DE,1.0
2009,DK,2.0
2009,DZ,3.0
2009,EC,2.0
2009,EE,2.0
2009,EG,1.0
2009,ES,3.0
2009,ET,0.0
2009,FI,2.0
2009,FR,3.0
2009,GB,2.0
2009,GH,0.0
2009,GR,1.0
2009,HK,3.0
2009,HR,2.0
2009,HU,1.0
2009,ID,2.0
2009,IE,2.0
2009,IL,2.0
2009,IN,3.0
2009,IR,3.0
2009,IS,2.0
2009,IT,1.0
2009,JO,3.0
2009,JP,3.0
2009,KE,0.0
2009,KR,3.0
2009,KW,3.0
2009,LB,2.0
2009,LK,2.0
2009,LT,3.0
2009,LU,0.0
2009,LV,0.0
2009,MA,2.0
2009,MD,3.0
2009,MX,3.0
2009,MY,3.0
2009,NG,0.0
2009,NL,2.0
2009,NO,2.0
2009,NZ,2.0
2009,OM,3.0
2009,PE,0.0
2009,PH,0.0
2009,PK,2.0
2009,PL,3.0
2009,PR,1.0
2009,PT,3.0
2009,QA,2.0
2009,RO,3.0
2009,RS,3.0
2009,RU,3.0
2009,SA,1.0
2009,SE,2.0
2009,SG,3.0
2009,SI,3.0
2009,SK,3.0
2009,TH,2.0
2009,TJ,3.0
2009,TN,3.0
2009,TR,2.0
2009,TW,3.0
2009,TZ,0.0
2009,UA,3.0
2009,UG,0.0
2009,US,2.0
2009,UY,0.0
2009,VE,2.0
2009,VG,0.0
2009,VN,2.0
2009,ZA,2.0
2010,AE,0.0
2010,AM,3.0
2010,AR,1.0
2010,AT,2.0
2010,AU,2.0
2010,BD,2.0
2010,BE,2.0
2010,BG,3.0
2010,BR,2.0
2010,BY,3.0
2010,CA,2.0
2010,CH,2.0
2010,CL,3.0
2010,CM,0.0
2010,CN,3.0
2010,CO,2.0
2010,CR,0.0
2010,CU,2.0
2010,CY,3.0
2010,CZ,3.0
2010,DE,1.0
2010,DK,2.0
2010,DZ,3.0
2010,EC,2.0
2010,EE,2.0
2010,EG,1.0
2010,ES,3.0
2010,ET,0.0
2010,FI,2.0
2010,FR,3.0
2010,GB,2.0
2010,GH,0.0
2010,GR,2.0
2010,HK,3.0
2010,HR,2.0
2010,HU,1.0
2010,ID,2.0
2010,IE,2.0
2010,IL,2.0
2010,IN,3.0
2010,IR,3.0
2010,IS,2.0
2010,IT,2.0
2010,JO,3.0
2010,JP,3.0
2010,KE,0.0
2010,KR,3.0
2010,KW,3.0
2010,LB,2.0
2010,LK,2.0
2010,LT,3.0
2010,LU,0.0
2010,LV,0.0
2010,MA,0.0
2010,MD,3.0
2010,MX,3.0
2010,MY,3.0
2010,NG,0.0
2010,NL,2.0
2010,NO,2.0
2010,NP,2.0
2010,NZ,2.0
2010,OM,3.0
2010,PA,0.0
2010,PE,0.0
2010,PH,0.0
2010,PK,1.0
2010,PL,3.0
2010,PR,2.0
2010,PT,3.0
2010,QA,2.0
2010,RO,3.0
2010,RS,3.0
2010,RU,3.0
2010,SA,3.0
2010,SE,2.0
2010,SG,3.0
2010,SI,3.0
2010,SK,3.0
2010,TH,2.0
2010,TJ,3.0
2010,TN,3.0
2010,TR,2.0
2010,TW,3.0
2010,TZ,0.0
2010,UA,3.0
2010,UG,0.0
2010,US,2.0
2010,UY,0.0
2010,UZ,3.0
2010,VE,2.0
2010,VG,0.0
2010,VN,2.0
2010,ZA,2.0
2011,AE,0.0
2011,AM,3.0
2011,AR,1.0
2011,AT,2.0
2011,AU,2.0
2011,AZ,3.0
2011,BD,2.0
2011,BE,2.0
2011,BG,3.0
2011,BR,2.0
2011,BY,3.0
2011,CA,2.0
2011,CH,2.0
2011,CL,3.0
2011,CM,0.0
2011,CN,3.0
2011,CO,2.0
2011,CR,2.0
2011,CU,2.0
2011,CY,3.0
2011,CZ,3.0
2011,DE,1.0
2011,DK,2.0
2011,DZ,3.0
2011,EC,2.0
2011,EE,2.0
2011,EG,1.0
2011,ES,3.0
2011,ET,0.0
2011,FI,2.0
2011,FR,3.0
2011,GB,2.0
2011,GH,2.0
2011,GR,1.0
2011,HK,3.0
2011,HR,2.0
2011,HU,1.0
2011,ID,2.0
2011,IE,2.0
2011,IL,2.0
2011,IN,3.0
2011,IR,3.0
2011,IS,2.0
2011,IT,1.0
2011,JO,3.0
2011,JP,3.0
2011,KE,0.0
2011,KR,3.0
2011,KW,3.0
2011,KZ,3.0
2011,LB,2.0
2011,LK,2.0
2011,LT,3.0
2011,LU,0.0
2011,LV,0.0
2011,MA,2.0
2011,MD,3.0
2011,MO,0.0
2011,MX,3.0
2011,MY,3.0
2011,NG,0.0
2011,NL,2.0
2011,NO,2.0
2011,NP,2.0
2011,NZ,2.0
2011,OM,3.0
2011,PA,2.0
2011,PE,0.0
2011,PH,2.0
2011,PK,1.0
2011,PL,3.0
2011,PR,2.0
2011,PT,3.0
2011,QA,1.0
2011,RO,3.0
2011,RS,1.0
2011,RU,3.0
2011,SA,3.0
2011,SE,2.0
2011,SG,3.0
2011,SI,3.0
2011,SK,3.0
2011,TH,2.0
2011,TJ,3.0
2011,TN,3.0
2011,TR,1.0
2011,TW,3.0
2011,TZ,0.0
2011,UA,3.0
2011,UG,0.0
2011,US,2.0
2011,UY,2.0
2011,UZ,3.0
2011,VE,2.0
2011,VG,0.0
2011,VN,2.0
2011,ZA,2.0
2012,AE,3.0
2012,AM,3.0
2012,AR,2.0
2012,AT,2.0
2012,AU,2.0
2012,AZ,3.0
2012,BD,2.0
2012,BE,2.0
2012,BF,0.0
2012,BG,3.0
2012,BJ,0.0
2012,BO,2.0
2012,BR,2.0
2012,BY,3.0
2012,CA,2.0
2012,CH,2.0
2012,CL,3.0
2012,CM,0.0
2012,CN,3.0
2012,CO,2.0
2012,CR,2.0
2012,CU,2.0
2012,CY,3.0
2012,CZ,3.0
2012,DE,3.0
2012,DK,2.0
2012,DZ,3.0
2012,EC,2.0
2012,EE,2.0
2012,EG,3.0
2012,ES,3.0
2012,ET,0.0
2012,FI,2.0
2012,FR,3.0
2012,GB,2.0
2012,GH,2.0
2012,GR,3.0
2012,HK,3.0
2012,HR,2.0
2012,HU,2.0
2012,ID,2.0
2012,IE,2.0
2012,IL,2.0
2012,IN,3.0
2012,IQ,3.0
2012,IR,3.0
2012,IS,2.0
2012,IT,2.0
2012,JO,3.0
2012,JP,3.0
2012,KE,0.0
2012,KR,3.0
2012,KW,3.0
2012,KZ,3.0
2012,LB,2.0
2012,LK,2.0
2012,LT,3.0
2012,LU,0.0
2012,LV,0.0
2012,MA,2.0
2012,MD,3.0
2012,MN,3.0
2012,MO,0.0
2012,MX,3.0
2012,MY,3.0
2012,NG,0.0
2012,NL,2.0
2012,NO,2.0
2012,NP,2.0
2012,NZ,2.0
2012,OM,3.0
2012,PA,2.0
2012,PE,0.0
2012,PH,2.0
2012,PK,3.0
2012,PL,3.0
2012,PR,2.0
2012,PT,3.0
2012,QA,3.0
2012,RO,3.0
2012,RS,3.0
2012,RU,3.0
2012,SA,3.0
2012,SE,2.0
2012,SG,3.0
2012,SI,3.0
2012,SK,3.0
2012,SN,2.0
2012,TH,2.0
2012,TJ,3.0
2012,TN,3.0
2012,TR,3.0
2012,TW,3.0
2012,TZ,0.0
2012,UA,3.0
2012,UG,0.0
2012,US,2.0
2012,UY,2.0
2012,UZ,3.0
2012,VE,2.0
2012,VG,3.0
2012,VN,2.0
2012,ZA,2.0
2013,AE,0.0
2013,AM,3.0
2013,AR,2.0
2013,AT,2.0
2013,AU,2.0
2013,AZ,3.0
2013,BA,2.0
2013,BD,2.0
2013,BE,2.0
2013,BF,2.0
2013,BG,3.0
2013,BJ,2.0
2013,BO,2.0
2013,BR,2.0
2013,BY,3.0
2013,CA,2.0
2013,CH,2.0
2013,CL,3.0
2013,CM,2.0
2013,CN,3.0
2013,CO,2.0
2013,CR,2.0
2013,CU,2.0
2013,CY,3.0
2013,CZ,3.0
2013,DE,3.0
2013,DK,2.0
2013,DZ,3.0
2013,EC,2.0
2013,EE,2.0
2013,EG,3.0
2013,ES,3.0
2013,ET,2.0
2013,FI,2.0
2013,FR,3.0
2013,GB,2.0
2013,GH,2.0
2013,GR,3.0
2013,HK,3.0
2013,HR,2.0
2013,HU,2.0
2013,ID,2.0
2013,IE,2.0
2013,IL,2.0
2013,IN,3.0
2013,IQ,3.0
2013,IR,3.0
2013,IS,2.0
2013,IT,2.0
2013,JO,3.0
2013,JP,3.0
2013,KE,2.0
2013,KR,3.0
2013,KW,3.0
2013,KZ,3.0
2013,LB,2.0
2013,LK,2.0
2013,LT,3.0
2013,LU,0.0
2013,LV,0.0
2013,MA,2.0
2013,MD,3.0
2013,MK,0.0
2013,MN,3.0
2013,MO,0.0
2013,MW,2.0
2013,MX,3.0
2013,MY,3.0
2013,MZ,2.0
2013,NG,2.0
2013,NL,2.0
2013,NO,2.0
2013,NP,2.0
2013,NZ,2.0
2013,OM,3.0
2013,PA,2.0
2013,PE,2.0
2013,PH,2.0
2013,PK,3.0
2013,PL,3.0
2013,PR,2.0
2013,PT,3.0
2013,QA,3.0
2013,RO,3.0
2013,RS,3.0
2013,RU,3.0
2013,SA,3.0
2013,SE,2.0
2013,SG,3.0
2013,SI,3.0
2013,SK,3.0
2013,SN,2.0
2013,TH,2.0
2013,TJ,3.0
2013,TN,3.0
2013,TR,3.0
2013,TW,3.0
2013,TZ,2.0
2013,UA,3.0
2013,UG,2.0
2013,US,2.0
2013,UY,2.0
2013,UZ,3.0
2013,VE,2.0
2013,VG,0.0
2013,VN,2.0
2013,YE,3.0
2013,ZA,2.0
2013,ZW,2.0
2014,AE,0.0
2014,AM,3.0
2014,AR,1.0
2014,AT,2.0
2014,AU,2.0
2014,AZ,3.0
2014,BA,2.0
2014,BD,2.0
2014,BE,2.0
2014,BF,2.0
2014,BG,3.0
2014,BJ,2.0
2014,BO,2.0
2014,BR,2.0
2014,BY,3.0
2014,CA,2.0
2014,CH,2.0
2014,CL,3.0
2014,CM,2.0
2014,CN,3.0
2014,CO,2.0
2014,CR,2.0
2014,CU,2.0
2014,CY,3.0
2014,CZ,3.0
2014,DE,1.0
2014,DK,2.0
2014,DZ,3.0
2014,EC,2.0
2014,EE,2.0
2014,EG,1.0
2014,ES,3.0
2014,ET,2.0
2014,FI,2.0
2014,FR,3.0
2014,GB,2.0
2014,GE,3.0
2014,GH,2.0
2014,GR,2.0
2014,HK,3.0
2014,HR,2.0
2014,HU,1.0
2014,ID,0.0
2014,IE,2.0
2014,IL,2.0
2014,IN,3.0
2014,IQ,3.0
2014,IR,3.0
2014,IS,2.0
2014,IT,2.0
2014,JO,3.0
2014,JP,3.0
2014,KE,2.0
2014,KH,2.0
2014,KR,3.0
2014,KW,3.0
2014,KZ,3.0
2014,LB,2.0
2014,LK,2.0
2014,LT,3.0
2014,LU,0.0
2014,LV,0.0
2014,MA,1.0
2014,MD,3.0
2014,MK,0.0
2014,ML,2.0
2014,MN,3.0
2014,MO,0.0
2014,MW,0.0
2014,MX,3.0
2014,MY,3.0
2014,MZ,2.0
2014,NG,2.0
2014,NL,2.0
2014,NO,2.0
2014,NP,2.0
2014,NZ,2.0
2014,OM,3.0
2014,PA,2.0
2014,PE,2.0
2014,PH,2.0
2014,PK,3.0
2014,PL,3.0
2014,PR,2.0
2014,PS,2.0
2014,PT,3.0
2014,QA,3.0
2014,RO,3.0
2014,RS,1.0
2014,RU,3.0
2014,SA,3.0
2014,SD,2.0
2014,SE,2.0
2014,SG,3.0
2014,SI,3.0
2014,SK,3.0
2014,SN,2.0
2014,TH,2.0
2014,TJ,3.0
2014,TN,3.0
2014,TR,3.0
2014,TW,3.0
2014,TZ,2.0
2014,UA,3.0
2014,UG,0.0
2014,US,2.0
2014,UY,2.0
2014,UZ,3.0
2014,VE,2.0
2014,VG,0.0
2014,VN,1.0
2014,YE,3.0
2014,ZA,2.0
2014,ZM,0.0
2014,ZW,2.0
2015,AE,6.0
2015,AM,3.0
2015,AR,1.0
2015,AT,2.0
2015,AU,2.0
2015,AZ,6.0
2015,BA,2.0
2015,BD,2.0
2015,BE,2.0
2015,BF,2.0
2015,BG,3.0
2015,BH,2.0
2015,BJ,2.0
2015,BO,2.0
2015,BR,2.0
2015,BY,3.0
2015,CA,2.0
2015,CH,2.0
2015,CL,3.0
2015,CM,2.0
2015,CN,3.0
2015,CO,2.0
2015,CR,2.0
2015,CU,2.0
2015,CY,6.0
2015,CZ,3.0
2015,DE,3.0
2015,DK,2.0
2015,DZ,3.0
2015,EC,2.0
2015,EE,2.0
2015,EG,1.0
2015,ES,3.0
2015,ET,2.0
2015,FI,6.0
2015,FR,3.0
2015,GB,2.0
2015,GE,3.0
2015,GH,2.0
2015,GR,2.0
2015,HK,3.0
2015,HR,2.0
2015,HU,1.0
2015,ID,6.0
2015,IE,2.0
2015,IL,2.0
2015,IN,3.0
2015,IQ,3.0
2015,IR,3.0
2015,IS,2.0
2015,IT,2.0
2015,JO,3.0
2015,JP,3.0
2015,KE,2.0
2015,KH,2.0
2015,KR,3.0
2015,KW,6.0
2015,KZ,3.0
2015,LB,2.0
2015,LK,2.0
2015,LT,3.0
2015,LU,6.0
2015,LV,6.0
2015,MA,1.0
2015,MD,3.0
2015,MK,6.0
2015,ML,2.0
2015,MN,3.0
2015,MO,6.0
2015,MW,0.0
2015,MX,6.0
2015,MY,3.0
2015,MZ,2.0
2015,NE,2.0
2015,NG,2.0
2015,NL,2.0
2015,NO,2.0
2015,NP,2.0
2015,NZ,2.0
2015,OM,3.0
2015,PA,2.0
2015,PE,2.0
2015,PH,2.0
2015,PK,3.0
2015,PL,3.0
2015,PR,2.0
2015,PS,2.0
2015,PT,6.0
2015,QA,3.0
2015,RO,3.0
2015,RS,2.0
2015,RU,3.0
2015,SA,3.0
2015,SD,2.0
2015,SE,2.0
2015,SG,3.0
2015,SI,6.0
2015,SK,3.0
2015,SN,2.0
2015,TH,2.0
2015,TJ,3.0
2015,TN,3.0
2015,TR,6.0
2015,TW,3.0
2015,TZ,2.0
2015,UA,3.0
2015,UG,0.0
2015,US,2.0
2015,UY,2.0
2015,UZ,3.0
2015,VE,2.0
2015,VG,0.0
2015,VN,3.0
2015,YE,3.0
2015,ZA,2.0
2015,ZM,0.0
2015,ZW,2.0
2016,AE,6.0
2016,AM,3.0
2016,AR,6.0
2016,AT,2.0
2016,AU,2.0
2016,AZ,6.0
2016,BA,2.0
2016,BD,2.0
2016,BE,2.0
2016,BF,7.0
2016,BG,3.0
2016,BH,7.0
2016,BJ,7.0
2016,BO,7.0
2016,BR,2.0
2016,BW,7.0
2016,BY,3.0
2016,CA,2.0
2016,CH,2.0
2016,CI,7.0
2016,CL,3.0
2016,CM,7.0
2016,CN,3.0
2016,CO,2.0
2016,CR,7.0
2016,CU,7.0
2016,CY,6.0
2016,CZ,3.0
2016,DE,3.0
2016,DK,2.0
2016,DZ,3.0
2016,EC,6.0
2016,EE,2.0
2016,EG,2.0
2016,ES,3.0
2016,ET,7.0
2016,FI,2.0
2016,FR,3.0
2016,GB,2.0
2016,GE,3.0
2016,GH,7.0
2016,GR,2.0
2016,HK,3.0
2016,HR,2.0
2016,HU,3.0
2016,ID,6.0
2016,IE,2.0
2016,IL,2.0
2016,IN,3.0
2016,IQ,3.0
2016,IR,3.0
2016,IS,2.0
2016,IT,2.0
2016,JO,2.0
2016,JP,3.0
2016,KE,7.0
2016,KH,7.0
2016,KR,3.0
2016,KW,2.0
2016,KZ,3.0
2016,LB,2.0
2016,LK,2.0
2016,LT,3.0
2016,LU,6.0
2016,LV,6.0
2016,LY,3.0
2016,MA,3.0
2016,MD,3.0
2016,ME,6.0
2016,MK,6.0
2016,ML,7.0
2016,MN,3.0
2016,MO,6.0
2016,MT,7.0
2016,MW,7.0
2016,MX,6.0
2016,MY,3.0
2016,MZ,7.0
2016,NE,7.0
2016,NG,7.0
2016,NL,7.0
2016,NO,2.0
2016,NP,7.0
2016,NZ,7.0
2016,OM,3.0
2016,PA,7.0
2016,PE,7.0
2016,PH,7.0
2016,PK,3.0
2016,PL,3.0
2016,PR,2.0
2016,PS,2.0
2016,PT,6.0
2016,QA,3.0
2016,RO,3.0
2016,RS,2.0
2016,RU,3.0
2016,SA,3.0
2016,SD,7.0
2016,SE,2.0
2016,SG,3.0
2016,SI,6.0
2016,SK,3.0
2016,SN,7.0
2016,TH,7.0
2016,TJ,3.0
2016,TN,3.0
2016,TR,2.0
2016,TW,3.0
2016,TZ,7.0
2016,UA,3.0
2016,UG,7.0
2016,US,2.0
2016,UY,7.0
2016,UZ,3.0
2016,VE,2.0
2016,VG,0.0
2016,VN,3.0
2016,YE,3.0
2016,ZA,2.0
2016,ZM,7.0
2016,ZW,7.0
2017,AE,6.0
2017,AM,3.0
2017,AR,2.0
2017,AT,2.0
2017,AU,2.0
2017,AZ,6.0
2017,BA,2.0
2017,BD,2.0
2017,BE,2.0
2017,BF,7.0
2017,BG,3.0
2017,BH,7.0
2017,BJ,7.0
2017,BN,6.0
2017,BO,7.0
2017,BR,2.0
2017,BW,7.0
2017,BY,3.0
2017,CA,2.0
2017,CD,7.0
2017,CH,2.0
2017,CI,7.0
2017,CL,3.0
2017,CM,7.0
2017,CN,3.0
2017,CO,2.0
2017,CR,7.0
2017,CU,7.0
2017,CY,6.0
2017,CZ,3.0
2017,DE,3.0
2017,DK,2.0
2017,DZ,3.0
2017,EC,6.0
2017,EE,6.0
2017,EG,2.0
2017,ES,3.0
2017,ET,7.0
2017,FI,2.0
2017,FR,3.0
2017,GB,2.0
2017,GE,3.0
2017,GH,7.0
2017,GR,2.0
2017,GT,7.0
2017,HK,3.0
2017,HR,2.0
2017,HU,2.0
2017,ID,6.0
2017,IE,2.0
2017,IL,2.0
2017,IN,3.0
2017,IQ,3.0
2017,IR,3.0
2017,IS,2.0
2017,IT,2.0
2017,JO,2.0
2017,JP,3.0
2017,KE,7.0
2017,KH,7.0
2017,KR,3.0
2017,KW,2.0
2017,KZ,3.0
2017,LB,2.0
2017,LK,2.0
2017,LT,6.0
2017,LU,6.0
2017,LV,6.0
2017,LY,3.0
2017,MA,3.0
2017,MD,3.0
2017,ME,2.0
2017,MG,7.0
2017,MK,6.0
2017,ML,7.0
2017,MN,3.0
2017,MO,6.0
2017,MT,7.0
2017,MW,7.0
2017,MX,6.0
2017,MY,3.0
2017,MZ,7.0
2017,NE,7.0
2017,NG,7.0
2017,NL,7.0
2017,NO,2.0
2017,NP,7.0
2017,NZ,7.0
2017,OM,3.0
2017,PA,7.0
2017,PE,7.0
2017,PH,7.0
2017,PK,3.0
2017,PL,3.0
2017,PR,2.0
2017,PS,2.0
2017,PT,6.0
2017,PY,7.0
2017,QA,3.0
2017,RO,3.0
2017,RS,2.0
2017,RU,3.0
2017,RW,7.0
2017,SA,3.0
2017,SD,7.0
2017,SE,2.0
2017,SG,3.0
2017,SI,6.0
2017,SK,3.0
2017,SN,7.0
2017,TH,7.0
2017,TJ,3.0
2017,TN,3.0
2017,TR,2.0
2017,TW,3.0
2017,TZ,7.0
2017,UA,3.0
2017,UG,7.0
2017,US,2.0
2017,UY,7.0
2017,UZ,3.0
2017,VE,2.0
2017,VG,0.0
2017,VN,3.0
2017,YE,3.0
2017,ZA,2.0
2017,ZM,7.0
2017,ZW,7.0
2018,AE,6.0
2018,AL,6.0
2018,AM,3.0
2018,AR,6.0
2018,AT,2.0
2018,AU,2.0
2018,AZ,6.0
2018,BA,2.0
2018,BD,2.0
2018,BE,2.0
2018,BF,0.0
2018,BG,3.0
2018,BH,2.0
2018,BJ,2.0
2018,BN,3.0
2018,BO,2.0
2018,BR,2.0
2018,BW,2.0
2018,BY,3.0
2018,CA,2.0
2018,CD,0.0
2018,CH,2.0
2018,CI,2.0
2018,CL,6.0
2018,CM,2.0
2018,CN,3.0
2018,CO,2.0
2018,CR,2.0
2018,CU,2.0
2018,CY,6.0
2018,CZ,3.0
2018,DE,3.0
2018,DK,2.0
2018,DZ,3.0
2018,EC,6.0
2018,EE,6.0
2018,EG,2.0
2018,ES,6.0
2018,ET,2.0
2018,FI,6.0
2018,FR,3.0
2018,GB,2.0
2018,GD,0.0
2018,GE,3.0
2018,GH,2.0
2018,GR,2.0
2018,GT,0.0
2018,HK,3.0
2018,HR,6.0
2018,HU,6.0
2018,ID,6.0
2018,IE,2.0
2018,IL,6.0
2018,IN,3.0
2018,IQ,3.0
2018,IR,3.0
2018,IS,2.0
2018,IT,2.0
2018,JO,3.0
2018,JP,3.0
2018,KE,0.0
2018,KH,2.0
2018,KR,3.0
2018,KW,3.0
2018,KZ,3.0
2018,LB,2.0
2018,LK,2.0
2018,LT,6.0
2018,LU,6.0
2018,LV,6.0
2018,LY,3.0
2018,MA,3.0
2018,MD,3.0
2018,ME,6.0
2018,MG,2.0
2018,MK,6.0
2018,ML,0.0
2018,MM,2.0
2018,MN,6.0
2018,MO,6.0
2018,MT,2.0
2018,MW,0.0
2018,MX,6.0
2018,MY,3.0
2018,MZ,2.0
2018,NE,2.0
2018,NG,2.0
2018,NL,2.0
2018,NO,2.0
2018,NP,2.0
2018,NZ,2.0
2018,OM,6.0
2018,PA,2.0
2018,PE,2.0
2018,PH,2.0
2018,PK,3.0
2018,PL,3.0
2018,PR,2.0
2018,PS,2.0
2018,PT,6.0
2018,PY,2.0
2018,QA,3.0
2018,RO,3.0
2018,RS,6.0
2018,RU,3.0
2018,RW,0.0
2018,SA,3.0
2018,SD,2.0
2018,SE,2.0
2018,SG,3.0
2018,SI,6.0
2018,SK,3.0
2018,SN,2.0
2018,TH,2.0
2018,TJ,3.0
2018,TN,3.0
2018,TR,6.0
2018,TW,3.0
2018,TZ,0.0
2018,UA,3.0
2018,UG,0.0
2018,US,2.0
2018,UY,2.0
2018,UZ,3.0
2018,VE,6.0
2018,VG,0.0
2018,VN,3.0
2018,YE,3.0
2018,ZA,2.0
2018,ZM,0.0
2018,ZW,2.0
2019,AE,3.0
2019,AL,2.0
2019,AM,3.0
2019,AR,2.0
2019,AT,2.0
2019,AU,2.0
2019,AZ,3.0
2019,BA,2.0
2019,BD,2.0
2019,BE,2.0
2019,BF,0.0
2019,BG,3.0
2019,BH,2.0
2019,BI,3.0
2019,BJ,0.0
2019,BN,3.0
2019,BO,2.0
2019,BR,2.0
2019,BW,2.0
2019,BY,3.0
2019,CA,2.0
2019,CD,0.0
2019,CH,2.0
2019,CI,0.0
2019,CL,3.0
2019,CM,2.0
2019,CN,3.0
2019,CO,2.0
2019,CR,2.0
2019,CU,2.0
2019,CY,6.0
2019,CZ,3.0
2019,DE,3.0
2019,DK,2.0
2019,DZ,3.0
2019,EC,6.0
2019,EE,6.0
2019,EG,2.0
2019,ES,3.0
2019,ET,0.0
2019,FI,3.0
2019,FJ,2.0
2019,FR,3.0
2019,GB,2.0
2019,GD,0.0
2019,GE,3.0
2019,GH,0.0
2019,GR,2.0
2019,GT,0.0
2019,HK,3.0
2019,HR,2.0
2019,HU,2.0
2019,ID,6.0
2019,IE,2.0
2019,IL,2.0
2019,IN,3.0
2019,IQ,3.0
2019,IR,3.0
2019,IS,2.0
2019,IT,2.0
2019,JO,3.0
2019,JP,3.0
2019,KE,0.0
2019,KH,0.0
2019,KR,3.0
2019,KW,3.0
2019,KZ,3.0
2019,LB,2.0
2019,LK,2.0
2019,LT,3.0
2019,LU,6.0
2019,LV,6.0
2019,LY,3.0
2019,MA,3.0
2019,MD,3.0
2019,ME,2.0
2019,MG,0.0
2019,MK,6.0
2019,ML,0.0
2019,MM,0.0
2019,MN,3.0
2019,MO,3.0
2019,MT,2.0
2019,MW,0.0
2019,MX,6.0
2019,MY,3.0
2019,MZ,0.0
2019,NE,0.0
2019,NG,2.0
2019,NL,2.0
2019,NO,2.0
2019,NP,2.0
2019,NZ,2.0
2019,OM,3.0
2019,PA,2.0
2019,PE,2.0
2019,PH,2.0
2019,PK,3.0
2019,PL,3.0
2019,PR,2.0
2019,PS,2.0
2019,PT,6.0
2019,PY,2.0
2019,QA,3.0
2019,RO,3.0
2019,RS,2.0
2019,RU,3.0
2019,RW,0.0
2019,SA,3.0
2019,SD,2.0
2019,SE,2.0
2019,SG,3.0
2019,SI,3.0
2019,SK,3.0
2019,SN,2.0
2019,TH,2.0
2019,TJ,3.0
2019,TN,3.0
2019,TR,3.0
2019,TW,3.0
2019,TZ,0.0
2019,UA,3.0
2019,UG,0.0
2019,US,2.0
2019,UY,2.0
2019,UZ,3.0
2019,VE,2.0
2019,VG,0.0
2019,VN,3.0
2019,YE,3.0
2019,ZA,2.0
2019,ZM,0.0
2019,ZW,2.0
2020,AE,3.0
2020,AL,2.0
2020,AM,3.0
2020,AR,2.0
2020,AT,2.0
2020,AU,2.0
2020,AZ,6.0
2020,BA,2.0
2020,BD,2.0
2020,BE,2.0
2020,BF,0.0
2020,BG,3.0
2020,BH,2.0
2020,BI,3.0
2020,BJ,2.0
2020,BN,3.0
2020,BO,2.0
2020,BR,2.0
2020,BW,2.0
2020,BY,3.0
2020,CA,2.0
2020,CD,0.0
2020,CH,2.0
2020,CI,2.0
2020,CL,6.0
2020,CM,2.0
2020,CN,3.0
2020,CO,2.0
2020,CR,2.0
2020,CU,2.0
2020,CY,6.0
2020,CZ,3.0
2020,DE,3.0
2020,DK,2.0
2020,DZ,3.0
2020,EC,6.0
2020,EE,6.0
2020,EG,2.0
2020,ES,6.0
2020,ET,2.0
2020,FI,6.0
2020,FJ,2.0
2020,FR,3.0
2020,GB,2.0
2020,GD,0.0
2020,GE,2.0
2020,GH,2.0
2020,GM,0.0
2020,GR,2.0
2020,GT,0.0
2020,HK,3.0
2020,HR,6.0
2020,HU,2.0
2020,ID,6.0
2020,IE,2.0
2020,IL,2.0
2020,IN,3.0
2020,IQ,3.0
2020,IR,3.0
2020,IS,2.0
2020,IT,2.0
2020,JO,3.0
2020,JP,3.0
2020,KE,0.0
2020,KG,6.0
2020,KH,0.0
2020,KR,3.0
2020,KW,3.0
2020,KZ,3.0
2020,LB,2.0
2020,LK,2.0
2020,LT,6.0
2020,LU,6.0
2020,LV,6.0
2020,LY,3.0
2020,MA,3.0
2020,MD,3.0
2020,ME,6.0
2020,MG,2.0
2020,MK,6.0
2020,ML,0.0
2020,MM,2.0
2020,MN,3.0
2020,MO,3.0
2020,MT,2.0
2020,MW,0.0
2020,MX,6.0
2020,MY,3.0
2020,MZ,2.0
2020,NE,2.0
2020,NG,2.0
2020,NL,2.0
2020,NO,2.0
2020,NP,2.0
2020,NZ,2.0
2020,OM,6.0
2020,PA,2.0
2020,PE,2.0
2020,PH,2.0
2020,PK,3.0
2020,PL,3.0
2020,PR,2.0
2020,PS,6.0
2020,PT,6.0
2020,PY,2.0
2020,QA,3.0
2020,RE,2.0
2020,RO,3.0
2020,RS,2.0
2020,RU,3.0
2020,RW,0.0
2020,SA,3.0
2020,SD,2.0
2020,SE,2.0
2020,SG,3.0
2020,SI,3.0
2020,SK,3.0
2020,SN,2.0
2020,SS,2.0
2020,TH,2.0
2020,TJ,3.0
2020,TN,3.0
2020,TR,6.0
2020,TW,3.0
2020,TZ,0.0
2020,UA,3.0
2020,UG,0.0
2020,US,2.0
2020,UY,2.0
2020,UZ,3.0
2020,VE,2.0
2020,VG,0.0
2020,VN,3.0
2020,YE,3.0
2020,ZA,2.0
2020,ZM,0.0
2020,ZW,2.0
2021,AE,3.0
2021,AL,2.0
2021,AM,3.0
2021,AR,8.0
2021,AT,8.0
2021,AU,8.0
2021,AZ,3.0
2021,BA,2.0
2021,BD,8.0
2021,BE,8.0
2021,BF,0.0
2021,BG,3.0
2021,BH,2.0
2021,BI,3.0
2021,BJ,8.0
2021,BN,3.0
2021,BO,2.0
2021,BR,8.0
2021,BW,8.0
2021,BY,3.0
2021,CA,8.0
2021,CD,0.0
2021,CH,8.0
2021,CI,8.0
2021,CL,3.0
2021,CM,8.0
2021,CN,3.0
2021,CO,2.0
2021,CR,2.0
2021,CU,2.0
2021,CY,2.0
2021,CZ,3.0
2021,DE,3.0
2021,DK,8.0
2021,DO,2.0
2021,DZ,3.0
2021,EC,2.0
2021,EE,3.0
2021,EG,8.0
2021,ES,3.0
2021,ET,8.0
2021,FI,3.0
2021,FJ,2.0
2021,FR,3.0
2021,GB,8.0
2021,GD,0.0
2021,GE,8.0
2021,GH,2.0
2021,GM,0.0
2021,GR,8.0
2021,GT,0.0
2021,HK,3.0
2021,HR,8.0
2021,HU,8.0
2021,ID,2.0
2021,IE,8.0
2021,IL,8.0
2021,IN,3.0
2021,IQ,3.0
2021,IR,3.0
2021,IS,8.0
2021,IT,8.0
2021,JM,2.0
2021,JO,3.0
2021,JP,3.0
2021,KE,0.0
2021,KG,2.0
2021,KH,0.0
2021,KR,3.0
2021,KW,3.0
2021,KZ,3.0
2021,LB,8.0
2021,LK,8.0
2021,LT,3.0
2021,LU,3.0
2021,LV,3.0
2021,LY,3.0
2021,MA,3.0
2021,MD,3.0
2021,ME,2.0
2021,MG,8.0
2021,MK,2.0
2021,ML,0.0
2021,MM,8.0
2021,MN,3.0
2021,MO,3.0
2021,MT,2.0
2021,MW,0.0
2021,MX,3.0
2021,MY,3.0
2021,MZ,2.0
2021,NE,8.0
2021,NG,8.0
2021,NL,8.0
2021,NO,8.0
2021,NP,8.0
2021,NZ,2.0
2021,OM,3.0
2021,PA,8.0
2021,PE,2.0
2021,PH,2.0
2021,PK,3.0
2021,PL,3.0
2021,PR,8.0
2021,PS,8.0
2021,PT,3.0
2021,PY,2.0
2021,QA,3.0
2021,RE,8.0
2021,RO,3.0
2021,RS,8.0
2021,RU,3.0
2021,RW,0.0
2021,SA,3.0
2021,SD,8.0
2021,SE,8.0
2021,SG,3.0
2021,SI,3.0
2021,SK,3.0
2021,SN,8.0
2021,SS,2.0
2021,SY,8.0
2021,TH,8.0
2021,TJ,3.0
2021,TN,3.0
2021,TR,3.0
2021,TT,2.0
2021,TW,3.0
2021,TZ,0.0
2021,UA,3.0
2021,UG,0.0
2021,US,8.0
2021,UY,2.0
2021,UZ,3.0
2021,VE,2.0
2021,VG,0.0
2021,VN,3.0
2021,YE,3.0
2021,ZA,8.0
2021,ZM,0.0
2021,ZW,2.0
2022,AE,3.0
2022,AL,2.0
2022,AM,3.0
2022,AR,8.0
2022,AT,8.0
2022,AU,8.0
2022,AZ,3.0
2022,BA,2.0
2022,BD,8.0
2022,BE,8.0
2022,BF,2.0
2022,BG,3.0
2022,BH,2.0
2022,BI,3.0
2022,BJ,2.0
2022,BN,3.0
2022,BO,2.0
2022,BR,2.0
2022,BW,8.0
2022,BY,3.0
2022,CA,8.0
2022,CD,2.0
2022,CG,2.0
2022,CH,8.0
2022,CI,2.0
2022,CL,3.0
2022,CM,8.0
2022,CN,3.0
2022,CO,2.0
2022,CR,2.0
2022,CU,2.0
2022,CY,2.0
2022,CZ,3.0
2022,DE,3.0
2022,DK,8.0
2022,DO,2.0
2022,DZ,3.0
2022,EC,2.0
2022,EE,3.0
2022,EG,8.0
2022,ES,8.0
2022,ET,2.0
2022,FI,3.0
2022,FJ,2.0
2022,FR,3.0
2022,GB,8.0
2022,GD,2.0
2022,GE,2.0
2022,GH,2.0
2022,GM,2.0
2022,GR,8.0
2022,GT,2.0
2022,HK,3.0
2022,HN,2.0
2022,HR,8.0
2022,HU,8.0
2022,ID,2.0
2022,IE,2.0
2022,IL,8.0
2022,IN,3.0
2022,IQ,3.0
2022,IR,3.0
2022,IS,8.0
2022,IT,8.0
2022,JM,2.0
2022,JO,8.0
2022,JP,3.0
2022,KE,2.0
2022,KG,2.0
2022,KH,2.0
2022,KR,3.0
2022,KW,3.0
2022,KZ,3.0
2022,LB,2.0
2022,LK,8.0
2022,LT,3.0
2022,LU,3.0
2022,LV,3.0
2022,LY,8.0
2022,MA,3.0
2022,MD,2.0
2022,ME,2.0
2022,MG,2.0
2022,MK,2.0
2022,ML,2.0
2022,MM,2.0
2022,MN,3.0
2022,MO,3.0
2022,MT,2.0
2022,MU,2.0
2022,MW,2.0
2022,MX,3.0
2022,MY,3.0
2022,MZ,2.0
2022,NE,2.0
2022,NG,8.0
2022,NL,2.0
2022,NO,8.0
2022,NP,2.0
2022,NZ,2.0
2022,OM,3.0
2022,PA,2.0
2022,PE,2.0
2022,PH,2.0
2022,PK,3.0
2022,PL,3.0
2022,PR,2.0
2022,PS,8.0
2022,PT,8.0
2022,PY,2.0
2022,QA,8.0
2022,RE,2.0
2022,RO,3.0
2022,RS,8.0
2022,RU,3.0
2022,RW,2.0
2022,SA,3.0
2022,SD,2.0
2022,SE,8.0
2022,SG,3.0
2022,SI,3.0
2022,SK,3.0
2022,SN,2.0
2022,SS,2.0
2022,SY,2.0
2022,TH,8.0
2022,TJ,3.0
2022,TN,3.0
2022,TR,8.0
2022,TT,2.0
2022,TW,3.0
2022,TZ,2.0
2022,UA,3.0
2022,UG,2.0
2022,US,8.0
2022,UY,2.0
2022,UZ,3.0
2022,VE,2.0
2022,VG,0.0
2022,VN,3.0
2022,YE,3.0
2022,ZA,8.0
2022,ZM,2.0
2022,ZW,2.0
2023,AE,3.0
2023,AF,2.0
2023,AL,2.0
2023,AM,3.0
2023,AR,8.0
2023,AT,8.0
2023,AU,8.0
2023,AZ,3.0
2023,BA,2.0
2023,BD,8.0
2023,BE,8.0
2023,BF,0.0
2023,BG,3.0
2023,BH,2.0
2023,BI,3.0
2023,BJ,8.0
2023,BN,3.0
2023,BO,2.0
2023,BR,2.0
2023,BW,8.0
2023,BY,3.0
2023,CA,8.0
2023,CD,0.0
2023,CG,0.0
2023,CH,8.0
2023,CI,8.0
2023,CL,3.0
2023,CM,8.0
2023,CN,3.0
2023,CO,2.0
2023,CR,2.0
2023,CU,2.0
2023,CY,2.0
2023,CZ,3.0
2023,DE,3.0
2023,DK,8.0
2023,DO,2.0
2023,DZ,3.0
2023,EC,2.0
2023,EE,3.0
2023,EG,3.0
2023,ES,3.0
2023,ET,8.0
2023,FI,3.0
2023,FJ,2.0
2023,FR,3.0
2023,GB,8.0
2023,GD,0.0
2023,GE,8.0
2023,GH,2.0
2023,GM,0.0
2023,GR,8.0
2023,GT,2.0
2023,HK,3.0
2023,HN,2.0
2023,HR,8.0
2023,HU,8.0
2023,ID,2.0
2023,IE,2.0
2023,IL,8.0
2023,IN,3.0
2023,IQ,3.0
2023,IR,3.0
2023,IS,8.0
2023,IT,8.0
2023,JM,2.0
2023,JO,8.0
2023,JP,3.0
2023,KE,0.0
2023,KG,2.0
2023,KH,0.0
2023,KR,3.0
2023,KW,3.0
2023,KZ,3.0
2023,LB,2.0
2023,LK,8.0
2023,LT,3.0
2023,LU,3.0
2023,LV,3.0
2023,LY,3.0
2023,MA,3.0
2023,MD,2.0
2023,ME,2.0
2023,MG,8.0
2023,MK,2.0
2023,ML,0.0
2023,MM,8.0
2023,MN,3.0
2023,MO,3.0
2023,MT,2.0
2023,MU,8.0
2023,MW,0.0
2023,MX,3.0
2023,MY,3.0
2023,MZ,2.0
2023,NE,8.0
2023,NG,8.0
2023,NL,2.0
2023,NO,3.0
2023,NP,8.0
2023,NZ,2.0
2023,OM,3.0
2023,PA,8.0
2023,PE,2.0
2023,PH,2.0
2023,PK,3.0
2023,PL,3.0
2023,PR,2.0
2023,PS,8.0
2023,PT,3.0
2023,PY,2.0
2023,QA,8.0
2023,RE,8.0
2023,RO,3.0
2023,RS,8.0
2023,RU,3.0
2023,RW,2.0
2023,SA,3.0
2023,SD,8.0
2023,SE,8.0
2023,SG,3.0
2023,SI,3.0
2023,SK,3.0
2023,SN,8.0
2023,SS,2.0
2023,SY,8.0
2023,TG,8.0
2023,TH,8.0
2023,TJ,3.0
2023,TN,3.0
2023,TR,3.0
2023,TT,2.0
2023,TW,3.0
2023,TZ,0.0
2023,UA,3.0
2023,UG,0.0
2023,US,8.0
2023,UY,2.0
2023,UZ,3.0
2023,VE,2.0
2023,VG,0.0
2023,VN,3.0
2023,YE,3.0
2023,ZA,2.0
2023,ZM,0.0
2023,ZW,2.0
