"Year";"NbPublis";"NbInsts";"NbCountries";"NbTopics";"MeanPublisInsts";"MeanTopicsInsts";"MeanPublisCountries";"MeanInstsCountries";"MeanTopicsCountries"
1900;3419;1084;61;1194;3,18726937269373;2,76476014760148;56,2622950819672;17,7704918032787;32,8524590163934
1901;3635;1127;59;1225;3,27950310559006;2,85803016858917;62,2881355932203;19,1016949152542;36,3220338983051
1902;4016;1186;63;1275;3,4283305227656;2,92664418212479;64,2380952380952;18,8253968253968;35,1746031746032
1903;4078;1216;63;1290;3,38404605263158;2,91529605263158;64,984126984127;19,3015873015873;35,5873015873016
1904;4356;1295;62;1383;3,4015444015444;2,95057915057915;70,7096774193548;20,8870967741935;40,0483870967742
1905;4505;1386;70;1424;3,28932178932179;2,89105339105339;64,6428571428571;19,8;36,3571428571429
1906;4604;1362;65;1433;3,42143906020558;2,98751835535976;71,1846153846154;20,9538461538462;39,6153846153846
1907;5141;1456;76;1520;3,57417582417582;3,12019230769231;67,9605263157895;19,1578947368421;37,3421052631579
1908;5262;1480;71;1543;3,59932432432432;3,20202702702703;74,4929577464789;20,8450704225352;40,3521126760563
1909;5347;1495;75;1559;3,61672240802676;3,17993311036789;71,64;19,9333333333333;38,0933333333333
1910;5416;1590;77;1613;3,44591194968553;3,07798742138365;70,6363636363636;20,6493506493506;39,1298701298701
1911;6000;1643;74;1656;3,72671941570298;3,27023737066342;81,7297297297297;22,2027027027027;43,7297297297297
1912;6179;1605;71;1698;3,90031152647975;3,40311526479751;87,3802816901408;22,6056338028169;45,1408450704225
1913;6811;1658;78;1798;4,1670687575392;3,58866103739445;87,8589743589744;21,2564102564103;44,8205128205128
1914;6698;1657;76;1776;4,11707905853953;3,5872057936029;88,8947368421053;21,8026315789474;45,7368421052632
1915;5675;1551;70;1723;3,7143778207608;3,28820116054159;81,4857142857143;22,1571428571429;43,3857142857143
1916;5607;1582;69;1704;3,59418457648546;3,21744627054362;81,5942028985507;22,9275362318841;42,9565217391304
1917;5368;1517;69;1661;3,58668424522083;3,23071852340145;78,0289855072464;21,9855072463768;40,5072463768116
1918;5305;1462;66;1627;3,67989056087551;3,22161422708618;80,8181818181818;22,1515151515152;42,0606060606061
1919;5715;1569;75;1670;3,68769917144678;3,18291905672403;76,5866666666667;20,92;39,0666666666667
1920;7382;1824;80;1956;4,12719298245614;3,58662280701754;93,0875;22,8;47,175
1921;8805;1997;88;2030;4,47871807711567;3,84026039058588;100,431818181818;22,6931818181818;47,5113636363636
1922;10161;2170;87;2163;4,74700460829493;4,0778801843318;117,402298850575;24,9425287356322;53,9540229885057
1923;10472;2126;88;2192;4,99435559736595;4,28363123236124;119,511363636364;24,1590909090909;55,3636363636364
1924;11757;2345;88;2254;5,09637526652452;4,3138592750533;134,420454545455;26,6477272727273;60,3295454545455
1925;12252;2374;90;2320;5,24852569502949;4,43723673125527;137,022222222222;26,3777777777778;59,6777777777778
1926;13795;2498;106;2394;5,60568454763811;4,71377101681345;131,132075471698;23,5660377358491;56,0754716981132
1927;14590;2672;106;2457;5,63285928143713;4,76833832335329;139,566037735849;25,2075471698113;59,4905660377358
1928;14973;2729;106;2485;5,55551484060095;4,69182850861121;141,72641509434;25,7452830188679;59,2641509433962
1929;14951;2765;104;2520;5,48896925858951;4,67052441229656;144,355769230769;26,5865384615385;61,4230769230769
1930;17198;3023;107;2585;5,7925901422428;4,8809130003308;161,663551401869;28,2523364485981;64,8224299065421
1931;16872;3002;102;2629;5,73717521652232;4,91938707528314;166,264705882353;29,4313725490196;67,5980392156863
1932;17614;2968;100;2642;6,04919137466307;5,15128032345013;177,36;29,68;70,05
1933;18303;2972;98;2655;6,28532974427995;5,36204576043069;187,867346938776;30,3265306122449;73,9897959183673
1934;18285;3060;106;2722;6,1140522875817;5,21895424836601;173,556603773585;28,8679245283019;69,9433962264151
1935;18633;3153;102;2747;6,06850618458611;5,21344751030764;183,598039215686;30,9117647058824;73,6274509803922
1936;19466;3285;114;2773;6,06027397260274;5,19482496194825;171,631578947368;28,8157894736842;67,640350877193
1937;20022;3413;110;2808;6,00146498681512;5,15470260767653;183,190909090909;31,0272727272727;71,5454545454545
1938;20501;3464;111;2874;6,07650115473441;5,23672055427252;185,981981981982;31,2072072072072;72,7387387387387
1939;20964;3472;102;2848;6,20276497695852;5,26670506912442;206,823529411765;34,0392156862745;75,0882352941177
1940;20114;3406;105;2863;6,06488549618321;5,17381092190252;192,714285714286;32,4380952380952;69,2571428571429
1941;19688;3356;100;2867;6,03992848629321;5,13408820023838;198,09;33,56;70,47
1942;18631;3278;106;2800;5,84106162294082;5,02867602196461;176,867924528302;30,9245283018868;62,1415094339623
1943;16717;3226;104;2734;5,34717916924984;4,60198388096714;161,884615384615;31,0192307692308;60,7788461538462
1944;15298;3114;108;2681;5,07707129094412;4,37861271676301;142,888888888889;28,8333333333333;56,2685185185185
1945;15007;3043;95;2687;5,09792967466316;4,43246795925074;159,242105263158;32,0315789473684;61,8421052631579
1946;17979;3443;108;2852;5,41126924194017;4,63374963694453;167,648148148148;31,8796296296296;63,8981481481481
1947;21203;3677;113;3014;5,94995920587435;5,09654609736198;188,849557522124;32,5398230088496;68,3362831858407
1948;25169;3995;104;3072;6,50788485607009;5,59874843554443;243,903846153846;38,4134615384615;85,7403846153846
1949;29894;4435;117;3203;6,9749718151071;5,94791431792559;257,641025641026;37,9059829059829;88,008547008547
1950;34024;4732;119;3276;7,44822485207101;6,25486052409129;288,294117647059;39,7647058823529;93,8319327731092
1951;37392;4886;124;3343;7,94576340564879;6,66311911584118;303,967741935484;39,4032258064516;96,4596774193548
1952;39204;5073;125;3372;8,03824167159472;6,74255864380051;316,592;40,584;100,464
1953;43101;5457;131;3429;8,22429906542056;6,91075682609492;332,541984732824;41,6564885496183;102,053435114504
1954;46423;5747;122;3498;8,41117104576301;7,03688881155385;384,303278688525;47,1065573770492;116,516393442623
1955;49299;5906;134;3519;8,70775482560108;7,25956654249915;371,694029850746;44,0746268656716;111,186567164179
1956;53624;6264;135;3567;8,96344189016603;7,44061302681992;402,214814814815;46,4;119,02962962963
1957;56804;6564;134;3611;9,06764168190128;7,51020719073736;429,305970149254;48,9850746268657;124,402985074627
1958;62149;6831;142;3642;9,55467720685112;7,82769726247987;443,345070422535;48,1056338028169;124,556338028169
1959;69372;7343;149;3723;9,92128557810159;8,12188478823369;471,570469798658;49,2818791946309;127,362416107383
1960;77077;7612;149;3743;10,6592222806096;8,44534944823962;524,053691275168;51,0872483221477;133,845637583893
1961;79166;7927;151;3766;10,5482528068626;8,55241579412136;532,086092715232;52,4966887417219;136,046357615894
1962;87817;8206;150;3834;11,3064830611748;9,07080185230319;594,033333333333;54,7066666666667;146,906666666667
1963;96812;8694;147;3843;11,8204508856683;9,3842880147228;669,367346938776;59,1428571428571;158,442176870748
1964;107449;9113;149;3875;12,5378031383738;9,89509491934599;733,308724832215;61,1610738255034;166,241610738255
1965;119043;9637;151;3918;13,164158970634;10,2543322610771;802,284768211921;63,8211920529801;172,496688741722
1966;129967;9962;155;3946;13,9522184300341;10,7234491066051;853,490322580645;64,2709677419355;177,832258064516
1967;143975;10373;159;3958;14,9711751662971;11,4217680516726;924,295597484277;65,2389937106918;184,572327044025
1968;155444;10677;167;4012;15,722955886485;11,852112016484;950,532934131737;63,9341317365269;181,568862275449
1969;171235;12217;164;4104;15,2175656871572;11,4301383318327;1067,96341463415;74,4939024390244;205,792682926829
1970;198501;14977;182;4270;14,659611404153;10,9257528209922;1123,12637362637;82,2912087912088;227,269230769231
1971;190191;12012;168;4057;17,4353146853147;12,8836163836164;1162,8869047619;71,5;206,119047619048
1972;206313;12637;172;4090;18,0289625702303;13,1785233837145;1233,52906976744;73,4709302325581;213,593023255814
1973;218261;13240;176;4102;18,3390483383686;13,3646525679758;1277,94318181818;75,2272727272727;219,943181818182
1974;226782;13612;177;4093;18,6323831913018;13,5512782838672;1321,87005649718;76,9039548022599;223,71186440678
1975;229831;14078;176;4128;18,3967893166643;13,479755647109;1351,00568181818;79,9886363636364;232,971590909091
1976;243306;14632;172;4139;18,8960497539639;13,7376981957354;1466,36627906977;85,0697674418605;246,075581395349
1977;260793;15288;177;4154;19,4644819466248;14,0930141287284;1529,0395480226;86,3728813559322;251,581920903955
1978;277458;15941;179;4184;20,0500595947557;14,4254438241014;1613,65921787709;89,0558659217877;259,27374301676
1979;291403;16605;186;4169;20,3503161698284;14,5075579644685;1635,41935483871;89,2741935483871;259,94623655914
1980;313728;17310;181;4203;21,1654534950895;14,9343154246101;1813,95027624309;95,6353591160221;283,767955801105
1981;335932;18196;185;4237;21,7382941305782;15,1823477687404;1904,91351351351;98,3567567567568;289,264864864865
1982;344167;18676;191;4247;21,8764189333904;15,2547119297494;1896,66492146597;97,7801047120419;286,968586387435
1983;361380;19248;189;4246;22,4313694929343;15,4347464671654;2017,45502645503;101,84126984127;299,10582010582
1984;386755;20269;189;4283;22,997039814495;15,7300804183729;2167,75132275132;107,243386243386;314,767195767196
1985;404402;21043;191;4273;23,4018438435584;15,8511143848311;2248,86387434555;110,17277486911;319,623036649215
1986;424832;21688;190;4279;24,019826632239;16,1897823681298;2380,67368421053;114,147368421053;334,852631578947
1987;465780;22514;192;4299;25,288398329928;16,7449142755619;2578,19791666667;117,260416666667;346,130208333333
1988;486139;23514;194;4292;25,3126222675853;16,6310283235519;2663,98969072165;121,20618556701;352,056701030928
1989;515252;24285;196;4326;26,1705991352687;16,9797405806053;2803,2193877551;123,90306122449;360,035714285714
1990;551565;25867;197;4314;26,3932810144199;17,0512235667066;2990,20812182741;131,304568527919;378,695431472081
1991;574695;26707;194;4331;26,9122701913356;17,240573632381;3181,03092783505;137,664948453608;396,278350515464
1992;596787;27377;201;4323;27,4914344157504;17,5067027066516;3200,08457711443;136,203980099502;395,278606965174
1993;628539;28683;206;4361;27,7608339434508;17,5576125230973;3298,6359223301;139,23786407767;400,902912621359
1994;651055;29446;205;4364;28,2904299395504;17,8142022685594;3452,14146341463;143,639024390244;417,20487804878
1995;678227;30335;202;4375;29,068303939344;18,1839129718147;3674,16831683168;150,173267326733;438,678217821782
1996;738291;31517;207;4392;31,0407399181394;18,8797791667989;3941,99516908213;152,256038647343;449,734299516908
1997;760197;32803;210;4392;31,1832759198854;18,9356766149438;4028,82857142857;156,204761904762;463,090476190476
1998;796011;33642;206;4393;32,3921586112597;19,372480827537;4333,07281553398;163,31067961165;486,033980582524
1999;832191;35100;207;4414;32,592792022792;19,5120797720798;4523,07729468599;169,565217391304;505,019323671498
2000;917055;37391;206;4435;33,7475595731593;20,0768099275227;5015,87378640777;181,509708737864;543,665048543689
2001;967431;38540;209;4444;34,7134924753503;20,5547483134406;5232,80861244019;184,401913875598;551,995215311005
2002;1237691;41226;209;4470;41,1834764469024;22,5543588997235;6663,44976076555;197,253588516746;597,076555023923
2003;1277290;42549;210;4474;41,3702789724788;22,9901525300242;6851,1380952381;202,614285714286;616,995238095238
2004;1378634;44200;212;4483;43,5976923076923;24,3077149321267;7352,33490566038;208,490566037736;643,240566037736
2005;1552036;46208;209;4493;46,8838296398892;25,7926549515235;8378,1961722488;221,090909090909;685,320574162679
2006;1782566;47888;216;4497;52,6802330437688;27,8771090878717;9370,77314814815;221,703703703704;707,398148148148
2007;1934724;49390;215;4495;55,6383883377202;29,2879935209557;10228,6;229,720930232558;741,190697674419
2008;2093438;51078;215;4497;58,4427933748385;30,5288969810877;11069,3627906977;237,572093023256;777,925581395349
2009;2278809;52516;216;4506;62,6220580394546;32,2237984614213;12048,037037037;243,12962962963;816,208333333333
2010;2424128;53930;215;4504;65,9114592990914;33,7391989616169;12947,8558139535;250,837209302326;858,497674418605
2011;2653320;55481;216;4506;70,9211081271066;35,8783908004542;14142,3842592593;256,856481481481;900,009259259259
2012;2748800;57033;214;4511;73,1465818035173;36,8432135781039;14918,4112149533;266,509345794393;956,406542056075
2013;2975040;58416;217;4511;78,7387017255546;39,0878868803068;16046,732718894;269,198156682028;999,73732718894
2014;3165899;59725;218;4513;84,2137630807869;41,1316031812474;17133,1376146789;273,967889908257;1046,98623853211
2015;3203567;60790;217;4513;85,7486264188189;41,9969238361573;17576,0875576037;280,138248847926;1083,44239631336
2016;3258547;60965;217;4514;88,6855408841138;42,801869925367;18007,2073732719;280,944700460829;1099,35944700461
2017;3461579;61407;218;4514;94,2035272851629;44,9605419577573;19030,6834862385;281,683486238532;1134,3623853211
2018;3787850;61872;218;4516;102,626745539178;47,5579422032583;20831,1009174312;283,816513761468;1172,03669724771
2019;4037843;62226;217;4515;111,508501269566;50,476601420628;22526,331797235;286,755760368664;1223,35483870968
2020;4508046;62864;218;4516;126,693322092135;54,480895265971;25220,5458715596;288,366972477064;1273,72018348624
2021;4747670;62698;219;4516;135,653481769753;57,262990845003;26420,9726027397;286,292237442922;1301,55707762557
2022;4778100;61931;218;4514;139,152266231774;58,3612568826597;26608,1422018349;284,087155963303;1302,43577981651
2023;4728886;61576;218;4514;139,825191633104;59,8872287904378;26540,5366972477;282,45871559633;1326,52293577982
2024;2608335;56083;218;4507;89,5696556888897;47,3488401119769;14937,1559633028;257,261467889908;1116,59633027523
